,Unnamed: 0,업데이트영상,시간,시청기록,검색기록,키워드,추천영상,url
0,0,마라탕,1시간 전,ESG 이렇게 투자합니다ㅣ유니콘하우스 최경희 ,[ASMR] Lipgloss Application Mouth Sounds Compilationㅣ립글로즈 바르며 입소리 총집합ㅣリップグロスを塗る映像集 ,미국,점핑초보 모여라! 쉬운 홈트 14분 루틴 - 다이어트운동 홈트레이닝 전신운동,https://www.youtube.com/watch?v=J2G0X921mjk
1,1,카카오 네이버 지금 사도 될까요?(칼날 잡기 투자법),1시간 전,[와이즈맨] 러시아 사람들이 🤑비리 대마왕🤑 푸틴을 못 버리는 이유는😭?    / YTN ,미국 간호사가 돈가스 처음 먹어본 인상은?! 외국놈들의 그랜드한 한국 일주 시리즈 1편!! ,사단장,"007시리즈 왕의귀환, 청춘스타와 그림자정부 석유 독점을 막아라 - 10분 명화 극장 [영화 007 네버세이네버어게인 (007 제임스본드 비공인 외전)] 영화리뷰 결말포함",https://www.youtube.com/watch?v=PnBV9NSKfCc
2,2,최주봉 아저씨와 세종의 기네스북 구경하기! ‘정부세종청사 옥상정원’편 (feat. MBC 테마기행 길),2시간 전,"턱에서 소리가 나면 반드시 봐야 합니다!! (원인, 평가, 운동, 재활) TMJ  교정의 정석 ",[ASMR] Strong MOUTH SOUNDS w/ Tapioca Pearl 호불호 최강 입소리 5탄 (feat.타피오카펄) ,다운로드,갑자일주 - 일주론 사주 강의 1,https://www.youtube.com/watch?v=jqWpPYpkdME
3,3,대통령이 된(?) 기분을 느낄 수 있는 곳! 최주봉 아저씨와 함깨한 ‘대통령기록관’편  (feat. MBC 테마기행 길),2시간 전,미국 민속촌에 가보다 【아메리카8】 ,"화면 탭핑과 3가지 잠오는소리들[한국어 ASMR]Tapping asmr,(립오일  뚜껑 열고닫기,피젯큐브)화면터치,불면증,수면유도,꿀꿀선아,suna asmr,triggers, ",돈가스,"카카오가 예전 같지 않다?(f.남양, 엔씨)",https://www.youtube.com/watch?v=8QjpxDaxrB8
4,4,요즘 조치원에서 제일 핫하다는 곳을 간 최주봉 아저씨  ‘조치원문화정원’편  (feat. MBC 테마기행 길),2시간 전,[ASMR] 긴 손톱으로 빠른 탭핑 ❤️‍🔥ㅣ소곤소곤 수다떨자 🤗 ,Korean ASMR | 치과 롤플레이 | dentist rp | 치과 asmr | dentist asmr | asmr한국어 ,시리즈,"미국 갓탤런트에 이어 월드오브댄스에서 한국여성 댄스퍼포먼스팀이 세계를 놀라게하다!라틴X힙합 퓨전댄스의 선두주자!올레디(아이키,코코)소마의리뷰리액션!",https://www.youtube.com/watch?v=ZKU15pjuTnk
5,5,민물매운탕에 푹 빠진 최주봉 아저씨 ‘고복저수지’편  (feat. MBC 테마기행 길),2시간 전,"[ASMR] 속시원한 빠른 탭핑 (feat.입소리,시각적팅글) ","""일본에서 변종 바이러스 생겼다고?"" 도쿄에서 변종 바이러스 폭발하자 외국인, 분노 폭발 // ""제발 한국처럼 하라고! 이제 어쩔래?"" [해외반응] ",삼겹살,이모티콘으로 속담 맞추기 시리즈 / #대규모시리즈액괴#액괴시리즈#시리즈액괴#대규모시리즈#대규모#시리즈#시액#액시#대시액#연쫑시리즈#이모티콘#와현님,https://www.youtube.com/watch?v=LeCRUCLy7GE
6,6,와 진짜 클라쓰가 다르네~! 국립세종수목원에 놀러간 최주봉 아저씨 ‘국립세종수목원’편  (feat. MBC 테마기행 길),2시간 전,잠이 안오시나요? 10가지 소리로 재워드립니다 / Can't you sleep? I'm Gonna Help You w/ 10 Triggers ,라스트오브어스 (멀티)  ,메이크업,😢 제발 이런 말좀 하지 마세요 🙏  엄청 상처받는 말들 시리즈액괴 시액 액시 액기시리즈 대규모시리즈액괴 대시액 대규모시리즈 추천알고리즘,https://www.youtube.com/watch?v=27HK3qX52H0
7,7,최주봉 아저씨랑 함께 한 세종여행 ‘세종호수공원 & 세종중앙공원’편  (feat. MBC 테마기행 길),2시간 전,신은 불공평하다 ,%EB%82%B4%EB%85%84%EB%A7%90%EA%B9%8C%EC%A7%80%20%EC%84%9C%EC%9A%B8%20%EC%B5%9C%EB%8C%80%2017%%20%ED%95%98%EB%9D%BD%20... ,잠이솔솔,"ASH ISLAND, 그루비룸 (GroovyRoom) - 잡아줄게 (Prod. GroovyRoom) [잡아줄게]ㅣLyrics/가사",https://www.youtube.com/watch?v=mdUTb41imgA
8,8,조치원 복숭아 맛에 놀란 최주봉 아저씨 ‘조치원 복숭아’편  (feat. MBC 테마기행 길),2시간 전,3-Hour Study With Me [Quiet Study Music 🎵/ Campfire 🔥 / Ocean 🌊] 50/10 Pomodoro ,최주봉 아저씨와 세종의 기네스북 구경하기! ‘정부세종청사 옥상정원’편 (feat. MBC 테마기행 길) ,퍼프상점,미국 엘렌쇼 출연한 천재 비트박서,https://www.youtube.com/watch?v=QX6Oa2I4r7o
9,9,"최주봉 아저씨, 원형 교량은 처음 보죠? ‘금강보행교’편  (feat. MBC 테마기행 길)",2시간 전,4-HOUR STUDY WITH ME🗼 / calm lofi music / 🏕️Cracking Fire / Tokyo at LATE NIGHT / with timer+bell ,The $140BN Plan to Change a Nation with Infrastructure ,롤플레이,수능이 붕괴한다? 벼랑 끝에 선 교육시장,https://www.youtube.com/watch?v=xq4AjbnqZw0
10,10,"사야하는 부동산, 팔아야하는 부동산 (아는선배)",스트리밍 시간: 5시간 전,3 AM Coding Session - Lofi Hip Hop Mix [Study & Coding Beats] ,한국관광 해외홍보 영상(Feel the rhythm of Korea) l Ep.2 부산 ,현지,나이 24살 l 3룸 매매해서 자취해요 l 몇평이에요? 모르겠는데요;; l 인천 부평 편 l,https://www.youtube.com/watch?v=kz9wpEITyfU
11,11,"카카오가 예전 같지 않다?(f.남양, 엔씨)",6시간 전,🌙 Midnight Coding in Chicago | LoFi Jazz Hip-Hop [Code - Relax - Study] ,"[현장영상] 윤호중 ""문재인 정부, 한국을 선진국으로 만든 정부로 기록될 것"" / YTN ",줄,"신형 5시리즈, 530e로 사야하는 이유 (모트라인에 수익이 발생할 수 있는 영상입니다)",https://www.youtube.com/watch?v=Fy5YSsWz5KE
12,12,미국 민속촌에 가보다 【아메리카8】,6시간 전,❄️ Winter Snow Coding in Chicago | 🎧 Lofi Hip-Hop Motivation ,한국이 새로운 리더가 되어 달라. 세계 곳곳 한국처럼 변화. 10년~20년 후 일본의 충격적인 모습. 동남아에 가서 일자리 찾는 일본인들. ,변종,몬스터 스쿨 : 귀멸의 칼날 vs 몬스터 스쿨 모든 시리즈 - 마인크래프트 애니메이션,https://www.youtube.com/watch?v=--XyV3m5rtY
13,13,A매치 후유증 + 자가 격리… 토트넘에 쏟아진 악재 #SPORTSTIME,6시간 전,역사는 2등을 기억하지 않아. l 귀족 자제들의 경합 전날 밤🌙 l 중세시대 공부 ASMR l 집중하기 좋은 저택 앰비언스 ,전세계가 두려워하는 한국 게이머 TOP8 ,바이러스,(따라하는기도시리즈) 영혼이 살아나는 감사기도 / 장재기 목사 [3시간] / 댓글창에 감사한 것 3가지를 기록해 보세요.,https://www.youtube.com/watch?v=kMVvPBf-Czs
14,14,결혼식 당일은 이렇습니다,6시간 전,"""자네가 주임원사인가?""  ★★ 2스타 사단장의 반응 ","(ENG/JPN) [어서와ZIP] 스웨덴 3인방 한우 극찬 ""인생 최고의 고기야"" l  ",초보,초보 운전자들이 가장 많이 하는 질문 5가지,https://www.youtube.com/watch?v=wVzVjbAA3zk
15,15,"김광현, 입지 흔들리나… LAD전 등판 취소→불펜 대기 #SPORTSTIME",8시간 전,★장군들끼리만 있으면 하는 말 (의외의 모습) ,"[해외반응]중국이 미국의 압박에 외국인 인권 탄압이 가능한 법을 제정하려고 하고있다. ""서방 국가들이 경거망동하지 못하도록..."" / ' 한국 또한 예외는 아니다 ' ",감옥,미국 고용 상황 어떻게 볼까…테이퍼링도 연기? (2021.09.06/뉴스투데이/MBC),https://www.youtube.com/watch?v=Sd0_Vn2fFHA
16,16,"홀란드, 데파이 나란히 해트트릭..그리즈만은 멀티골 #SPORTSTIME",11시간 전,★★2스타 사단장도 긴장하는 순간들 (대통령 부대 방문ㄷㄷ) ,“미국 5개국 정보동맹에 한국 포함”…하원 군사위 통과 / KBS 2021.09.03. ,수호신,고등학생의 미국 자취 브이로그 | 미국 일상 브이로그 | 감성 인테리어 [P.2],https://www.youtube.com/watch?v=zMcmxsGvc60
17,17,2인가족을 위한 간지나는 차,17시간 전,푸른거탑 '사단장'을 본 ★★2스타 사단장 반응 ,BLACKPINK 블랙핑크 How You Like That 해외반응 한글자막 2편! 노래 중독성 실화? ,사주,현지 영국 여성 팬들에게 토트넘 최고 존잘남을 물어봤더니ㅋㅋㅋ 손흥민은 몇등일까!? (Feat. 영국 아재) [현지 축터뷰],https://www.youtube.com/watch?v=7BFujZ4xnLg
18,18,"내년말까지 서울 최대 17% 하락 가능성 (김경민 서울대 교수, 하버드 박사)",19시간 전,병사들은 소름 돋는 군대짤을 본 ★★ 2스타 사단장의 반응 ,지읒asmr} 이거 들으면 다른 핀셋소리 못들어. ,해외반응,The $140BN Plan to Change a Nation with Infrastructure,https://www.youtube.com/watch?v=REnxH4EL5Nc
19,19,복근이 생겼습니다! 100일간의 다이어트 운동 후기 with 애플워치 6,19시간 전,군필자가 보면 소름돋는 영상을 본 ★★2스타 사단장 반응 ,호반꿀로 대동단결 ,블랙핑크,(ENG CC) 이렇게 솔직할 줄이야.... 뒷담화 그대로 보여드립니다. [고등학생 간지대회 시즌 2] | Daily Episode l highschoolstyleicon,https://www.youtube.com/watch?v=LfKTneVu0Uo
20,20,회사에서 재미를 추구하면 안 되는 걸까 | 네이버웹툰 개발자 채용설명회,스트리밍 시간: 20시간 전,중대장이 실망한 이유를 본 ★★2스타 사단장 반응 (군대 계급별 특징 장교 편) ,"(일본반응) 한국에 대한 G7 열등감 때문에 선을 넘은 일본, 결국 미국이 일본에게 일침! “부끄러워서 한국인 되고 싶다!” ",해리포터,,
21,21,수능이 붕괴한다? 벼랑 끝에 선 교육시장,20시간 전,ISS through my Telescope (Compilation) ,%ED%95%9C%EA%B5%AD%20%ED%98%84%EB%AC%B4%20%EB%AF%B8%EC%82%AC%EC%9D%BC%20%EC%B4%9D%EA%B3%B5%EA%B2%A9%20vs%20%EC%9D%BC%... ,,,
22,22,Z 플립3의 놀라운 외부 화면 활용도 [4K],20시간 전,Galaxys and Nebulas through my Telescope (Deep Sky Objects) ,한국남자가 강제추행당하는 일본여자를 구해준다면? 일본에서 20년 산 그의 대처법!! ,,,
23,23,해외직구 전자제품 중고로 못 파는 거 알고 계셨나요? 11년만에 불법이 합법으로 되었습니다.,21시간 전,Saturn through my Telescope ,"""미얀마 공동성명에 한국이 아시아 유일하다"" 일본이 빠져있다 일본반응에 외국인들,충격 // ""선진국들만 참여한 거야"" [해외반응] ",,,
24,24,요리사 두명이 캠핑을 가면 만드는 요리 (feat.미친고기양념 레시피),22시간 전,4억 5천만원 망원경으로 하늘을 봤더니... ,강남 샵에서 헤어 메이크업을 받아볼게  ,,,
25,25,"7 HOUR STUDY WITH ME | Background noise, Rain Sound, 10-min Break, No music, Study with Merve",22시간 전,12인치 돕소니안 천체망원경으로 목성 토성 달 관측 ,Tom Clancy's The Division 'goutoubaobao' hack user 더디비전 핵유저 신고용영상-01 ,,,
26,26,"물리 엔진과 게임 스토리텔링, 임어당의 한자 타자기, 거함·거포 시대의 종말",22시간 전,[목성의 위성] 갈릴레이 위성을 줌(Zoom)으로 당겨보았습니다 Nikon P1000_Zoom Galiean Moons_Ganymede_Io_Europa_Callisto_KOREA ,[해외반응] 블랙핑크 미국방송 PRETTY SAVAGE 라이브무대 리액션 모음  [한글자막](재업) ,,,
27,27,[과학자가 쓴 과학책#13] 고재현 _빛으로 보는 세상 | 빛의 핵심,22시간 전,"[못믿겠다해서 동영상으로 찍었음]토성, 목성, 달을 땡겨보면 정말 그 자리에 있을까? l Nikon P1000_Moon Saturn Jupiter Zoom Planet ",해외직구 전자제품 중고로 못 파는 거 알고 계셨나요? 11년만에 불법이 합법으로 되었습니다. ,,,
28,28,오타니 vs 다르빗슈 맞대결 드디어 성사 가능성은 #SPORTSTIME,22시간 전,고도 1100미터 조경철 천문대에 다녀왔습니다!! ,ASMR 동생 메이크업 지워주기 롤플레이 Remove makeup Roleplay (한국어) ,,,
29,29,The $140BN Plan to Change a Nation with Infrastructure,22시간 전,10만원 망원경으로 성운촬영이 가능할까? 게다가 서울 -_-;; ,"영국리그 1위 만든 손흥민, 중계카메라에 잡힌 '한 장면' 때문에 영국전역을 감동시킨 이유 ",,,
30,30,호반꿀로 대동단결,22시간 전,"10만원으로 천체관측하기(달,토성 어포컬촬영) ",한국 와이프에게 소련 무기를 쥐어주면 일어나는 참사 ㄷㄷ ,,,
31,31,"김광현, 입지 흔들리나… LAD전 등판 취소→불펜 대기/ 19시 스포츠타임 뉴스 LIVE",스트리밍 시간: 23시간 전,1월24일 현재 20만원이내 가성비 추천망원경! F900X80AZ ,BMW%203%EC%8B%9C%EB%A6%AC%EC%A6%88%20%EC%B6%9C%EA%B3%A0%EC%84%A4%EB%AA%85%20%EC%98%81%EC%83%81%20Vehicle%20Forwarding... ,,,
32,32,나이 24살 l 3룸 매매해서 자취해요 l 몇평이에요? 모르겠는데요;; l 인천 부평 편 l,23시간 전,병사들은 소름 돋는 군대 짤을 본 ★★ 2스타 사단장의 반응 (2탄) ,"""이래서 일본이 한국을 이길 수 없구나..."" 한국과 비교되는 일본 OO 문화에 경악한 외국인 반응 [해외반응] ",,,
33,33,,,군대 계급별 특징을 본 ★★2스타 사단장 반응 (부사관 편) ,오타니 vs 다르빗슈 맞대결 드디어 성사 가능성은  ,,,
34,34,,,Morning Coding in Chicago | LoFi Jazz Hip-Hop [Code - Relax - Study] ,신생아를 처음 본 강아지의 반응! ,,,
35,35,,,초고속 팅글 ASMR ,K-POP Junkie / 노래방 날라리  (Troublemaker parody) ,,,
36,36,,,ASMR 립스틱 메이크업 가게💄Lipstick Make-up Shop asmr (SUB ✔) ,ASMR - 2분 안에 100가지 트리거 | 빠른 asmr | 100 triggers in 2 minutes | 탭핑 | tapping | fast ASMR ,,,
37,37,,,전쟁이 일어나면 ★장군들이 하는 일 ,최근 한국인들이 전세계 각종기록들 모두 휩쓸어버리고있는 이유 ,,,
38,38,,,장군이 되면 받는 놀라운 혜택들 (연봉 ㄷㄷ) ,[희소식] 유전성 혈관부종을 위한 예방약이 있나요? | 유전성 혈관부종 | 치료 2화 ,,,
39,39,,,군필만 이해한다는 소름돋는 짤을 본 ★★2스타 사단장 ,"의사 사주, 부자 사주, 처복 많은 병술 일주 - 피클의 행복한 명리 ",,,
40,40,,,국정원 요원이 받는 비밀스런 훈련들(관상보는 훈련) ,삼겹살에 치즈김치볶음밥 처음 먹어본 영국 고등학생들의 반응!? ,,,
41,41,,,국정원에 들어가게 되면 받는 것들 ,그랜드한 한국 일주 시리즈!! (예고편) ,,,
42,42,,,Keep Calm and Study 📚 Ambient Lofi Jazz Music for Studying 🪴  [24/7 Live] ,코로나 경제 위기 극뽁! 2021에는 기필코 부자 되자! - 머니아카데미 시리즈 몰아보기 ,,,
43,43,,,국정원에 들어가려면 필요한 의외의 조건들 ,"물리 엔진과 게임 스토리텔링, 임어당의 한자 타자기, 거함·거포 시대의 종말 ",,,
44,44,,,국정원에 합격해도 비밀인 이유(몰래 티내는 방법) ,LIVE  ,,,
45,45,,,4-Hour Study With Me [Muted Classical Piano Music + Fireplace] Pomodoro 50/10 ,형제는 용감했다.... ,,,
46,46,,,That Second Kiss ,피부가 좋아보이는 투명 메이크업💧_ Double Soup ,,,
47,47,,,3-Hour Study With Me [Quiet Study Music 🎵/ Campfire 🔥 / Ocean 🌊] 50/10 Pomodoro ,신유일주 ,,,
48,48,,,4-Hour Study With Me [Muted Classical Piano Music + Fireplace] Pomodoro 50/10 ,영국에 경매로나온 19세기 지도에 난리난 이유 - 한국 최대영토 확인된듯 ,,,
49,49,,,Keep Calm and Study 📚 Ambient Lofi Jazz Music for Studying 🪴  [24/7 Live] ,"미 하원, 5개국 첩보동맹 확대 추진…한국 포함 (2021.09.03/뉴스투데이/MBC) ",,,
50,50,,,"Chill Music Radio — Productive Vibe — Work, Study Mix ","빠던의 나라 한국, 미국 메이저리그 올스타를 실력으로 이겨본 적 있다? / [추억스환  ",,,
51,51,,,3 AM Coding Session - Lofi Hip Hop Mix [Study & Coding Beats] ,[쏭배송] 싱어게인 '재야의 고수' 조 노래 모음이 도착했습니다🎁  ,,,
52,52,,,Motivation Playlist — Energetic Chillstep Music — Make Money Mix ,[순풍 산부인과] 📚미국에 가고 싶나? 그렇다면 이 시험을 통과해라!📚 용녀 미선 열공모드! ✏│ 197화 ,,,
53,53,,,lofi beats to make money to / shopi-fi ,오타니 vs 다르빗슈 맞대결 드디어 성사 가능성은  ,,,
54,54,,,Evening Study With Me [3 HOURS] Quiet Focus Music ,[글로벌 나우] 미국 “아프간 경제 원조 재검토” ,,,
55,55,,,Programming / Coding / Hacking music vol.19 (EASY THOUGHTS) ,2차세계대전 시리즈 몰아보기 ,,,
56,56,,,Programming * Hacker * Coding - Music Mix 2021 ,"김광현, 입지 흔들리나… LAD전 등판 취소→불펜 대기/ 19시 스포츠타임 뉴스 LIVE ",,,
57,57,,,Lofi Coding Beats | Free Copyrights | Millennials Melody Originals ,[Full] 한국기행 - Korea travel_ 그 겨울의 산사 3부- 두 스님이 사는 법 ,,,
58,58,,,Programming / Coding / Hacking music vol.16 (CONNECTION LOST) ,인플레시대에 돈 버는 방법과 가난해지는 이유 (아는선배) ,,,
59,59,,,"Work & Study Lofi Jazz - Relaxing Smooth Background Jazz Music for Work, Study, Focus, Coding ",아시아인 최초로 월드 시리즈 우승을 차지한 이라부 히데키 이야기 /외인구단/일본프로야구레전드/ ,,,
60,60,,,"Coffee Rain: Relaxing Jazz Music with Coffee Shop Ambience - Chill Music for Study, Work ","""50년만에 나라가 이렇게 바뀌다니 대단하다!"" 한국 소개 동영상에 쏟아진 세계인의 찬사(해외반응) ",,,
61,61,,,Galaxy Coding Session - Lofi Hip Hop Mix [Study & Coding Beats] ,"""한국인들의 정체는 뭐야..?"" 한국 커피숍에 난리 난 외국인반응 // ""한국과 중국을 비교하지 말란 말이야!!!"" [해외반응] ",,,
62,62,,,"Chillout Lounge - Calm & Relaxing Background Music | Study, Work, Sleep, Meditation, Chill ",블랙핑크 마지막처럼 해외반응! 미국 가족이 블랙핑크를 처음 보면? ,,,
63,63,,,Chillstep Music for Programming / Cyber / Coding ,한국 수산시장에서 2년 인생 첫 대게를 맛본 영국 애기의 반응은?!? ,,,
64,64,,,Happy Jazz on Coffee Shop Ambience - Relaxing Jazz Music and Bossa Nova for Good Mood ,"미국에선 봉합수술 1억원, 한국에선 얼마일까? ",,,
65,65,,,❄️ Winter Snow Coding in Chicago | 🎧 Lofi Hip-Hop Motivation ,"해외반응 | ""한국의 치안이 좋다고? 웃기는 소리 하지 마!"" 외국인이 실시한 치안 테스트에서 한국인들이 94개의 가방을 훔쳐 간 이유는!? ",,,
66,66,,,Chill Coding Session - Lofi Hip Hop Mix [Study & Coding Beats] ,신상 한국 라면을 처음 먹어본 영국인들의 반응?!? (영국애기   할머니의 첫 라면??!) ,,,
67,67,,,A.I. Coding in Chicago | 🎧 LoFi Hip-Hop [Code - Relax - Study] ,해외직구 전자제품 중고로 못 파는 거 알고 계셨나요? 11년만에 불법이 합법으로 되었습니다. ,,,
68,68,,,🌙 Midnight Coding in Chicago | LoFi Jazz Hip-Hop [Code - Relax - Study] ,PER 말고 저평가 주식을 찾는 방법 (EV/EBITDA활용법) ,,,
69,69,,,🍁Autumn Morning Coding in Chicago | LoFi Jazz Hip-Hop [Code - Relax - Study] ,한국에 처음 온 영국신부님 크리스!! ,,,
70,70,,,📚2-HOUR LATE NIGHT STUDY / gentle rain🌧 + lofi music  / 50 minute Pomodoro / with timer+bell ,EP13-8 맥주 한사발만? 놉 🤫 미국 맥주를 사이에 둔 김갑수와 김태리 ㅋㅋㅋ |  ,,,
71,71,,,2 AM Coding Session - Lofi Hip Hop Mix [Study & Coding Beats] ,[완벽한홈트1] 준비운동   전신운동   스트레칭 한번에 끝내드립니다! [트리거 홈트] ,,,
72,72,,,4-HOUR STUDY WITH ME🗼 / calm lofi music / 🏕️Cracking Fire / Tokyo at LATE NIGHT / with timer+bell ,😳 [[ 액괴가 나오는 영상의 조회수 TOP 14는 뭘까? ]] 시리즈 🙌 / 액괴시리즈 / 시리즈액괴 / 대규모시리즈 / 액시 / 시액 / 히트쳐라 ㅜ_ㅜ / 설리시리즈 / 설리 ,,,
73,73,,,Coding in Chicago v2.0 | 🎧 24/7 LoFi Hip-Hop Radio ,나이 24살 l 3룸 매매해서 자취해요 l 몇평이에요? 모르겠는데요;; l 인천 부평 편 l ,,,
74,74,,,Coding in Chicago | 🎧  LoFi Jazz Hip-Hop [Code - Relax - Study] ,무술일주 일주론 - 피클의 행복한 명리 ,,,
75,75,,,chill lofi beats to code/relax to ,미국판 '너의 목소리가 보여' 시청률 1위 기록! ,,,
76,76,,,code-fi / lofi beats to code/relax to ,(ENG)얼떨결에 미국 명문대생 800명 앞에서 영어로 강의하고 온 한국 강사...샘 리처드 교수님과의 만남 ,,,
77,77,,,서울에 리조트가 생기다니✨ '파라스파라 서울(Paraspara Seoul)' 스위트룸&인피니티풀&조식 Full Review! ,"2021년기사일주운세, 기사일주2021년운세, 60갑자일주론, 정유역학강의, 명리기초, 사주심리학, : 독단의 강한의지, 생각하는 철인 :  정유역학강의. ",,,
78,78,,,LA아줌마 150회 : 미국 로스앤젤레스 한인타운 아파트 투어 The Pearl On Wilshire ,🐰 남자 아이돌 이상형 순위 😍 대규모 시리즈 액괴 시액 액시 액괴 시리즈 대시액 대귬시 고딕 시리즈 네비 시리즈 아이돌 이상형 시리즈 액괴 ,,,
79,79,,,[미국 유학] 졸업 후 취업 잘되는 미국 유학 전공과 유학 방법 ,미국이 중국공산당 붕괴 키(KEY)로 “한국” 지목하자 中시진핑 혼절｜한국 유례없는 역대급 초대박에 중국 초비상사태  ,,,
80,80,,,의료용대마로 효과를 볼수있는 질병리스트 [초록연기] Medical conditions you can help with Marijuana ,피아노 구경하던 미국 소년의 돌발행동 ㄷㄷ ,,,
81,81,,,"[ASMR] 무편집버전ㅣ입소리,탭핑,시각적팅글ㅣ화면에 쿠션 발라주기,마이크 브러슁 ",영국 래퍼들이 한국 육회   꽃등심   삼겹살   냉면 먹었더니 반응이!? ㅋㅋㅋ ,,,
82,82,,,"3년 간 매출 0원, 지금은 매년 떡상중 📈 ",인도 유명 방송사의 한국 특집 방송에 인도인들이 난리난 이유 ,,,
83,83,,,"스트리밍 영상 다운로드 프로그램 끝판왕 , 모든 스트리밍 사이트의 영상을 다운로드 받을 수 있어요!! ",무난한 출발은 했지만… 벤투호에 드리워진 '불안한 그림자'  ,,,
84,84,,,파이썬 크롤러 - 서브페이지 링크 수집하기 ,[MV] Flowsik(플로우식) _ 1Week(일주일째) (Feat. Gary(개리)) ,,,
85,85,,,파이썬 크롤러 - 서브페이지 링크 모두 수집하기 02 ,손흥민골장면 북런던더비 충격적인 원더골 리액션 해외 현지반응 모음 국뽕 밈 레전드 ,,,
86,86,,,오징어 게임 | 공식 예고편 | 넷플릭스 ,한국 부대찌개를 처음 먹어본 영국 군인들의 반응!?! ,,,
87,87,,,직접 뽑은 30만원짜리 산삼백숙을 만난 외국놈들?! 외국놈들의 그랜드한 한국 일주 시리즈 5편!! ,실제로 손흥민이 눈앞에 나타났을 때 사람들 반응은? Σ(꒪ȏ꒪) ,,,
88,88,,,[친남매] 알라딘 A Whole New World 따라잡기 ^!^ ,"신축년신금일주,2021년 신축년신금일간운세- 비견일주,편인일주,신금일주,신금일간,신축,신묘,신사,신미,신유,신해일주,일간 ",,,
89,89,,,전소미 VS 땡깡 (DUMB DUMB) ,[피클 일주론] 18-1 병자일주 1 - 피클의 행복한 명리 ,,,
90,90,,,전소미님 만난 날 ,올리브영 세일 추천템💗지금사야 후회없는 가을신상ㅣ스킨케어부터 가을메이크업까지 해봤어요💗 ,,,
91,91,,,여왕국 (Queendom) ,"태양, 별, 달의 일주운동 연주운동 완벽정리 ",,,
92,92,,,곰 앞에서 죽은척을 하면? ,요리사 두명이 캠핑을 가면 만드는 요리 (feat.미친고기양념 레시피) ,,,
93,93,,,스테이씨 띵곡 메들리 (ASAP + SO BAD) ,샘오취리한테 초대 받아서 한국 라디오 생방송까지 나온 영국 쌍둥이!?? ,,,
94,94,,,[땡깡의 커튼콜] 스테이씨 X 땡깡 (색안경) ,파이썬 pyautogui 매크로 프로그램 만들기 / 마우스 키보드 자동화 | 파이썬 기초 강의 ,,,
95,95,,,📸 카메라 무빙.zip ,핵초보의 감옥 VS 개고수의 가장 높은 초고퀄 감옥! 감옥! 고수 감옥 내부엔 상상도 못한 기능이..  [마인크래프트] ,,,
96,96,,,[4K] 에스파 “넥스트 레벨” 풀커버 🖤🐍🔫 (aespa “NEXT LEVEL” full ver.) ,캄보디아 한달생활비 100만원 스트레스 없는. 이민생활 영상 ,,,
97,97,,,Next Level 🖤🐍🔫 ,70년 노포 곰탕집 : 소 X알   곶휴.. 싹둑.. 정력에 그렇게 좋다고.. ,,,
98,98,,,[MBTI 일상툰] 유형별 돈 빌려달라고 했을 때 반응 ,ROBLOX Tower of Hell but it's KEYBOARD ASMR... *VERY CLICKY* |  ,,,
99,99,,,[오리지널] Ep_11 mbti별 카톡방 유형 ,(ENG CC) 연봉 1억에 가까워진 고등학생은 누구? [고등학생 간지대회 시즌 2] EP 7-3 l goganzi l highschoolstyleicon ,,,
100,100,,,[MBTI 일상툰] MBTI 유형별 청소할 때 ,[초보운전탈출] ♥ 슈퍼초보 1부 / 핸들돌리는법과 차폭감을 알아보자 / 미남의운전교실 ,,,
101,101,,,[MBTI 유형별 사랑] 엔티제 (ENTJ) 편 ,2030년 이후 극명하게 갈리는 한국과 일본의 상황 l 세계 2위 초강대국이 되는 한국 l 모두가 외면하는 국가가 된 일본의 상황 ,,,
102,102,,,MBTI 유형별 특징 공감7 ,[중국반응] 한국이 독자 개발한 최첨단 클로킹 기술! - KFX의 성능에 태도 돌변한 인도네시아! - 투명 스텔스 전투기로 진화하는 KFX! 첨단 클로킹 메타물질 개발한 한국! ,,,
103,103,,,MBTI별 진짜 화났을 때 모습 [SOM] ,런던직장인 해외취업 Q ,,,
104,104,,,한국에는 사실상 아무도 없다는 MBTI 성격유형 TOP3 ,연못 붕어낚듯 감성돔 뽑아내는 낚시본능! 낚시 고수는 장비를 탓하지 않는다! 옛날엔 대나무 낚싯대 갖고 숭어 수십마리씩 잡아다녔지~ 82세 최점기 어르신  ,,,
105,105,,,entj공감 ,호반꿀로 대동단결 ,,,
106,106,,,"[ENTJ 댓글읽기] 뭐든 받으면 꼭 돌려줌, 좋은 거든 나쁜 거든ㅣ오두막🛖에서 시작해도 야망 하나로 빌딩🏙 세우는 사람들,, ",메인댄서가 안무 틀렸을 때 스키즈 멤버들 반응;; | 스트레이 키즈 Stray Kids 미로 MIROH ,,,
107,107,,,[무지개맨] EP.1 우리의 무지개 맨 ,살빼기 유산소가 지겹다면 정답은  XXX 웨이트다! [트리거 컷팅 루틴] ,,,
108,108,,,말싸움장인 ENTP(엔팁) 모음 (MBTI만화) ,텐션 업  사장님~~ 놀라운 손기술 ,,,
109,109,,,MBTI만화 올리면 달리는 댓글들..속상행 ,전적 없다고 무시하고 패버리겠다고 도발하는 상대를 만난 알파고ㄷㄷ 과연 상대의 실력은?? ,,,
110,110,,,MBTI 16명 단체 사진 찍기 (MBTI만화) ,"(일본반응) ""한국인을 볼 면목이 없다"" DHC회장 막말에 폭발한 일본인들 // ""나라도 일본 제품을 구매하지 않을 것"" ",,,
111,111,,,MBTI 수련회 (MBTI만화) ,장수의 비밀 - [전라도 할매와 미국 할배의 고소한 인생]_ ,,,
112,112,,,MBTI 여름나기 (MBTI만화) ,"갑오일주(甲午日柱), 사주명리학 일주론 강의 제31강 ",,,
113,113,,,1년만에 영화관 가서 흥분한 INFP (MBTI 만화) ,복근이 생겼습니다! 100일간의 다이어트 운동 후기 with 애플워치 6 ,,,
114,114,,,10초만에 자기소개하기 [2] (MBTI 만화) ,미국 엄마들의 포대기 아기 캐리어 해외 반응 | American Moms Try Korean Podaegi Baby Carrier ,,,
115,115,,,MBTI 유치원 (MBTI 만화) ,[일본반응] 드라마를 본후 일본역사 교과서를 펼쳐 들었다! 미스터 션샤인 해외반응! ,,,
116,116,,,MBTI 올림픽 시청하기  (MBTI 만화) ,고멤은 지옥이다 비하인드 스토리   우왁굳 반응 - 우왁굳 풀영상 ,,,
117,117,,,MBTI 인생네컷 찍는법 (MBTI 만화) ,ASMR Cleaning Your Ears Wax Removal - super tingly sounds ,,,
118,118,,,MBTI 경로당/노인정 (MBTI 만화) ,"속보, 한국에 대한 일본인들 열등의식 폭발! // ""차기 일본총리도 파국이다!"" ",,,
119,119,,,MBTI 방과후 분식집 (MBTI 만화) ,주도 섹터를 향해 집약되는 시장!  ,,,
120,120,,,MBTI 16유형 아침인사 (MBTI 만화) ,SUB) ASMR 츤데레 친구가 해주는 메이크업 / ASMR A Chic Friend Does Your Makeup ,,,
121,121,,,[ASMR] 약속 늦었다! 완전 빠른 메이크업 해줄게 😎ㅣ투쿨포스쿨ㅣ말 완전 많음 소곤소곤 💖 ,The Best Kitesurfing Spots in the World 4K - Part 1 ,,,
122,122,,,★역대급 사기맵★ 287연승을 했다는 사기맵 끝판왕을 만났습니다ㄷㄷ ,ASMR 스킨케어 해드릴게요! / Sleepy Skin Care ASMR (layered sounds) ,,,
123,123,,,초보 vs 고수 ASMRist / The Beginner Vs Master ASMRist ,자취템 리뷰 -4- 캔들워머 편 (feat.양초플레이) ,,,
124,124,,,중국인 발작버튼 눌러보았습니다 ,인간의 자유의지는 없다는 과학적인 증거들... 결정론 vs 자유의지 ,,,
125,125,,,15초 안에 게임 끝남ㅋ ,ASMR 정신없는 크온구의 메이크업  /make up roleplay ,,,
126,126,,,there's someone I'd like you to meet... ,정신없는사람 VS 차분한사람...  / Friends ASMR ,,,
127,127,,,고졸 개발자의 현실적인 조언 ,YouTube Music 을(를) 방문했습니다. ,,,
128,128,,,Don't Be A Programmer ,85만 동문의 바램. 방송통신대법은 어떻게 만들어졌나? | 방송대 | 국립대 | 한국방송통신대학교 ,,,
129,129,,,how programmers attend meetings at big tech companies ,원용석 턱걸이 1000개 도전! 1000 pullups in how much hours ,,,
130,130,,,한중일 출신이 구글에서 더 올라가지 못하는 3가지 이유 ,가난한 남자의 ASMR / A Poor Man ASMR ,,,
131,131,,,chill lofi beats to code/relax to ,중국땅에 이렇게 써놓으면 그분들이 어떻게 반응할까? ,,,
132,132,,,If Programming Was An Anime ,한강 밤도깨비 야시장에서 사랑에 빠진 미친남자!?! ,,,
133,133,,,Why Microsoft Word is the best IDE for programming ,마블의 테서랙트? 차원이란 도대체 무엇일까? [안될과학 랩미팅 - 차원론 1부] ,,,
134,134,,,My Ultimate Work From Home Desk Setup for Productivity ,팅글이 뭔지 모르는 사람을 위한 ASMR / ASMR for People Who Don't Know What Tingles Feel Like (w/ new triggers) ,,,
135,135,,,"I Built a Trading Bot to let Subscribers Trade $25,000 on Twitch ",How to remove spited and broken screws - life hacks  ,,,
136,136,,,a day in the life of an engineer working from home ,Спасение рыси из капкана ,,,
137,137,,,how programmers attend meetings at big tech companies ,أجمل تسريحه شعر بلبيت شوفي مقطع 🥺🙈 ,,,
138,138,,,웹페이지 하나로 3일만에 천만원 버는 방법 ,https://www.youtube.com/watch?v=IqmbOEh_2wY ,,,
139,139,,,[007 노 타임 투 다이] 메인 예고편 ,bắn pháo cối  bị xịt tý thì đi ,,,
140,140,,,돈 없어서 프리미어 못쓴다고? 100% 무료 이거 쓰세요 ,Magic in Pattaya Walking Street ,,,
141,141,,,[ASMR] 약속 늦었다! 완전 빠른 메이크업 해줄게 😎ㅣ투쿨포스쿨ㅣ말 완전 많음 소곤소곤 💖 ,줄 없는 번지 사장님 낚시 신공 ,,,
142,142,,,"타이레놀, 아스피린, 탁센, 이지엔6. 객관적으로 누가 더 쎌까? 약사가 정리 해 드립니다. ","먼 얘기같던 VR, 그런데 지금 너도 나도 산다는 오큘러스 퀘스트 2 (   꼭 봤으면 하는 팁들) ",,,
143,143,,,"""2년간 박재범과 음악했어"" 한국에 적응 못해 미국가서 유명한 힙합가수가 된 한국남자 l 미국#14 ",치맥을 처음 먹어본 영국 축구선수들의 반응?! ,,,
144,144,,,Enjoy Your Life! - 미국 투쏜에서 ,100%%20%EC%88%98%EB%A9%B4%EB%B3%B4%EC%9E%A5%20%EC%B5%9C%EC%95%A0%20%ED%8A%B8%EB%A6%AC%EA%B1%B0%20ASMR/%20ASMR%20with%... ,,,
145,145,,,은행들이 1층 버리고 2층으로 올라가는 진짜 이유는... (ft. 핀크) ,[이터널스] 메인 예고편 ,,,
146,146,,,미국 듀랑고에서 침낭이랑 충전기 사러 돌아다니는 영상 ,인류의 미래를 바꿀...역사책에 기록될 사건이 될 수도 ,,,
147,147,,,네바다 사막 나들이 【아메리카7】 ,헐리우드 파파라치 돼보기 【아메리카2】 ,,,
148,148,,,"[ASMR] 속시원한 빠른 탭핑 (feat.입소리,시각적팅글) ",SKYFALL | Bond meets Q ,,,
149,149,,,https://www.youtube.com/watch?v=q_isqtigXuA ,유튜브제목과 댓글을  ,,,
150,150,,,한국 휴게소 먹거리를 처음 만난 미국 간호사의 생각은?! 외국놈들의 그랜드한 한국 일주 시리즈 4편!! ,ASMR 터치 팅글  ,,,
151,151,,,"ASMR *팅글 100%* 정신없는 단어반복 2탄! |👄소리 많음 | 옴뇸뇸 또각 뽀득 따끔 싹둑 푸푸 콕콕 키득 등 trigger words, 100%Tingles ","수성, 정말 물이 있을까? - 태양계 시리즈 3탄 [안될과학-긴급과학] ",,,
152,152,,,ASMR 10분 안에 100가지 소리 / 고인물을 위한 짧고 빠른 트리거 ,51구역을 둘러보다 【아메리카4】 ,,,
153,153,,,[ASMR] Fast Tapping! 💤 (No Talking) ,"미국의 공공임대주택 단지, 극빈곤층 흑인마을에서의 하루 l 미국 ",,,
154,154,,,ASMR | 여러가지 사물탭핑과 입소리 / Tapping Sound and Mouth Sound ,[남자 올백머리 스타일] 긴머리남자분들 이렇게 한번 해보세요! 핵 이쁨! ,,,
155,155,,,👄무지막지한 입소리 ASMR/ Ultra FAst Mouth Sounds ASMR w/ Triggers ,'김현우' 얇은 머리 드라이 스타일링 하는 법! See-through Parted Hair Tutorial | 죠셉Joseph ,,,
156,156,,,Tapping with Nails ASMR (손톱으로 물건 탭핑하기) ,한국 KTX 열차속도에 진심으로 감동한 이란인들 ,,,
157,157,,,"[ASMR] 속시원한 빠른 탭핑 (feat.입소리,시각적팅글) ",정소림신음 ,,,
158,158,,,SSD 부팅속도  #shorts ,댕댕이 알약먹이기 ,,,
159,159,,,"실시간 서울 한강 라이브캠, 재택근무 로파이 노동요, 반포대교 노을멍 ソウルライブ Seoul Hangang 4K Live Cam w/ Lofi 21/07/01~ ",VR 댄스 ,,,
160,160,,,삼겹살에 치즈김치볶음밥 처음 먹어본 영국 고등학생들의 반응!? ,포장에 미쳐버린 신상 애플 아이맥 M1 퍼플 언빡싱 (1분 요약) ,,,
161,161,,,"[과제를 위한 파이썬] #2 - 형태소 분석하기 (konlpy 설치, 사용법) ",[김루이]유정이시리즈(2)-실수를 깨달은 앵무새🐦그러나 이미 늦었…  ,,,
162,162,,,jazz/lofi hip hop radio🌱chill beats to relax/study to [LIVE 24/7] ,The NEWEST WAVE of Technology @beyondant_llc ‼️ ,,,
163,163,,,공부 할 때 듣기 좋은 피아노 BGM ⎮ cold water piano radio ☕️ ⎮ relax study to ⎮ stay with me ⎮ 직접 연주한 100곡 ,WINTER BUSHCRAFT BUILD NATURAL PRIMITIVE BARK ROOF SHELTER Campfire Cooking in Snow  ,,,
164,164,,,25만원으로 40억 누적수익을 낸 30살 주식계의 실전깡패 돈깡.. 어떻게 한거냐 l 영앤리치#1 ,배그 고인물은 C4를 이렇게 사용합니다 ㅋㅋㅋㅋㅋ ,,,
165,165,,,"""하루에 한번 총격 사고가 나"" 미국경찰마저 포기한 LA의 유일한 범죄도시 ""South central LA"" l 미국#13 ",Dogs not being carful ,,,
166,166,,,미국 로드트립 360도 영상 USA Road Trip Timelapse 360 Video ,확실한 강아지 배변교육  ,,,
167,167,,,미국 증기기관차 타보기 【아메리카6】 ,스킨케어 풀코스 압출 피부관리 롤플레이 asmr | skin care shop full course roleplay asmr | pimple popping | korean asmr ,,,
168,168,,,알고리즘 실력 유형별 공감 (입문자~썩은물) ,세계여행자들이 절대 오지 않는 방글라데시.. 나는 왔다. 정말 죽을거같다.. l 방글라데시 ,,,
169,169,,,팅글을 뽑아내는 마이크 / MIC Pulling ASMR ,온라인으로 주문한 딸기가 3시간 만에 우리 집까지 올 수 있는 이유 ,,,
170,170,,,ASMR 풀메이크업 받고 가세요! / Sleepy Fast Makeup Sounds ASMR (Personal Attention) ,공부할때 듣는 조용한 빗소리와 재즈 피아노 BGM soft rain jazz piano play ⎮ relax study to ,,,
171,171,,,팅글을 못 느끼는 사람을 위한 ASMR / ASMR For Who Don't Get Tingles ,"코딩 1도 모르던 문과생이 개발자 된 썰 | 취업 전후로 알았으면 좋았을 것들 |해외취업|  좋아하는 일 vs 잘하는 일 | 부트캠프 vs 국비지원 | 개발 적성, 취준생, 직장인 ",,,
172,172,,,정신없는 메이크업 ASMR / Makeup Roleplay ,취업전선에 부는 ’코딩 열풍‘...실상은? / SBS / 후스토리 ,,,
173,173,,,Soy와 패스트 트리거 ASMR / ASMR Fast Triggers with Soy ,아로마 향으로 낮잠자기 좋은날 🌿롤링롤링 리쮸 asmr _ 잠오는소리 _ 시각적팅글 ,,,
174,174,,,ASMR✂️부정적인 생각 뽑아내기 / ASMR Plucking Away Your Negative Thoughts / (Screen Pulling) ,"[ASMR]입소리와 스크린 브러쉬🖤 톡톡,뽀롱,간질간질 ",,,
175,175,,,ASMR) 당신은 마이크 입니다 / ASMR You're The MICROPHONE !! ,[ASMR]팅글을 느끼지 못하는 환자 팅글 회복 수술하기_귓속수술_수술 롤플 ,,,
176,176,,,"그냥 누워계십쇼 30분안에 잠이 올겁니다 / Just Lie Down, You'll Fall Asleep Within 30 minutes! ",[ASMR]Eng. 스케일러로 귀파주는 이상한 귀청소샵_고인물도 팅글느끼는 마이크 귀파주기_잠오는 귀지파는소리_리쮸LIZZU ,,,
177,177,,,ASMR Triggers with Friend (feat. Reyong) ,[ASMR]노토킹 귀청소ㅣ귀소독ㅣ바세린바르기ㅣ귀뚫고 귀걸이 끼우기👂🏻 ,,,
178,178,,,"[ASMR] 속시원한 빠른 탭핑 (feat.입소리,시각적팅글) ",[ASMR] 직접 문지르는듯 한 촉진ㅣ시각적팅글ㅣ간지러운 속삭임 ,,,
179,179,,,[ASMR] 투쿨포스쿨 화장품 빠른탭핑과 화장품 직접 발라보기💋ㅣ신상 리뷰ㅣtoo cool for school ,[ASMR] 통을 이용한 잠 오는 소리_입소리 단어반복 탭핑_ Unusual mouth sounds and tapping_ 口音 ,,,
180,180,,,"[ASMR] 무편집버전ㅣ입소리,탭핑,시각적팅글ㅣ화면에 쿠션 발라주기,마이크 브러슁 ",생존신고 올립니다! (덧글ㅡQ ,,,
181,181,,,초보 vs 고수 ASMRist / The Beginner Vs Master ASMRist ,"나의 💚제니💚 에게, 𝗘𝗕𝗘𝗡 - 𝗝𝗲𝗻𝗻𝘆 [가사/해석/lyrics] ",,,
182,182,,,가난한 남자의 ASMR / A Poor Man ASMR ,[ASMR]츤데레 언니가 집에서 팩 붙여주고 스킨케어 해줄게👩‍🦰.. 너무 졸리면 자도 돼 ,,,
183,183,,,정신없는사람 VS 차분한사람...  / Friends ASMR ,[ASMR] 핑크 브러쉬터칭과 빠른입소리 30분연속듣기 _ brush touching _리쮸 ,,,
184,184,,,ASMR 고수 VS 고수 / ASMR PRO vs PRO ASMRtist ,초보 vs 고수 ASMRist / The Beginner Vs Master ASMRist ,,,
185,185,,,ASMR 잠이솔솔 메이크업 퍼프상점 롤플레이 /ASMR Sleepy Makeup Sponges Shop RP/ makeup sounds ,"[ASMR] 무편집버전ㅣ입소리,탭핑,시각적팅글ㅣ화면에 쿠션 발라주기,마이크 브러슁 ",,,
186,186,,,"[ASMR] 뇌신경검사 2탄 후각,청각,촉각,시각 실감나는검사_のうしんけいけんさ,cranial nerve test_리쮸 LIZZU🖤 ",ASMR Triggers with Friend (feat. Reyong) ,,,
187,187,,,ASMR 찐친이 해주는 메이크업💟 (실제로 받는 느낌!) 大親友がしてくれるメイク！| Best friend does your makeup ,팅글을 못 느끼는 사람을 위한 ASMR / ASMR For Who Don't Get Tingles ,,,
188,188,,,ASMR 퍼프 소리만 1시간😉 여러가지 빠르기 | puff sound ,한중일 출신이 구글에서 더 올라가지 못하는 3가지 이유 ,,,
189,189,,,1인칭 고퀄리티 메이크업 ASMR(부잣집 아가씨 첫 등교 메이크업) | First Person Makeup for Lady(Eng sub) | 한국어 상황극 | 100%잠이오는 ,entj공감 ,,,
190,190,,,ASMR 중국식 귀청소👂Chinese Ear Cleaning Roleplay (SUB✔️) ,[MBTI 일상툰] MBTI 유형별 청소할 때 ,,,
191,191,,,"ASMR/SUB 스냅 촬영을 위한 메이크업과 헤어 스타일링💄💇 마믅 뷰티 살롱(후시 녹음) Makeup, Hair Styling Roleplay ",직접 뽑은 30만원짜리 산삼백숙을 만난 외국놈들?! 외국놈들의 그랜드한 한국 일주 시리즈 5편!! ,,,
192,192,,,Powder Puffs Only: Realistic ASMR [퍼프소리/No Talking] Korean Makeup Roleplay [No Talking] ,❄️ Winter Snow Coding in Chicago | 🎧 Lofi Hip-Hop Motivation ,,,
193,193,,,"Korean ASMR | 다양한 퍼프소리 | Puff sound |실리콘퍼프,웨지퍼프,에어퍼프| Silicon puff,air puff,make-up sponge ",Traveling Mood Jazz - Relaxing Jazz playing on the Alley  ,,,
194,194,,,ASMR.SUB 입소리 가득한 단어 반복으로 재우는 퍼프 판매샵|Makeup puff shop that makes you fall asleep by repeating words ,Programming * Hacker * Coding - Music Mix 2021 ,,,
195,195,,,ASMR(SUB)얼굴을 쓰담쓰담 브러쉬로 재워드릴게요🌙/Brushing Your Face to Help You Sleep. Close Up Personal Attention ,lofi beats to make money to / shopi-fi ,,,
196,196,,,"ASMR | 시각적 팅글👁 면봉, 브러쉬, 포크로 화면 긁기 | Visual Trigger | Cotton swab, Fork, Brush ",3 AM Coding Session - Lofi Hip Hop Mix [Study  ,,,
197,197,,,💕시각적 팅글이 엄청난 소리모음 ASMR💕 | 고체형광펜+핀셋+왕솜털펜+포크+브러쉬 | 노토킹 ASMR | 학생 ASMR ,Keep Calm and Study 📚 Ambient Lofi Jazz Music for Studying 🪴  [24/7 Live] ,,,
198,198,,,ASMR 핸드무브먼트 장인의 단어반복 | 브러쉬 | 팅글보장 | Tingly Trigger Words | Brushing ,장군이 되면 받는 놀라운 혜택들 (연봉 ㄷㄷ) ,,,
199,199,,,[ASMR] 핑크 브러쉬터칭과 빠른입소리 30분연속듣기 _ brush touching _리쮸 ,병사들은 소름 돋는 군대 짤을 본 ★★ 2스타 사단장의 반응 (2탄) ,,,
200,200,,,산군 ,1월24일 현재 20만원이내 가성비 추천망원경! F900X80AZ ,,,
201,201,,,"[ASMR]입소리와 스크린 브러쉬🖤 톡톡,뽀롱,간질간질 ",역사는 2등을 기억하지 않아. l 귀족 자제들의 경합 전날 밤🌙 l 중세시대 공부 ASMR l 집중하기 좋은 저택 앰비언스 ,,,
202,202,,,[ASMR]12분 만에 잠 들수 있는 소리_비즈통/향수/뷰러/카메라커버/수분크림_오랜만이라 어색해요🥸 ,🌙 Midnight Coding in Chicago | LoFi Jazz Hip-Hop [Code - Relax - Study] ,,,
203,203,,,"[ASMR] SUB 츤데레 친언니가 화장 해줄게_뷰러탭핑,풀메이크업_ Putting on makeup role playing 💄 ",[하루 힐링] 고양이에게 들려주면 반응 격하게 오는 영상 ,,,
204,204,,,[ASMR]츤데레 언니가 집에서 팩 붙여주고 스킨케어 해줄게👩‍🦰.. 너무 졸리면 자도 돼 ,ASMR Dentist Cleans Your Teeth🦷 잠이 솔솔~ 당신이 원하던 치아ASMR 모음집 1시간! ,,,
205,205,,,[ASMR] 화면에서 뽑아내는듯 손짓과 입소리ㅣmouth sound coming out of the screen ,"(ASMR) 1 Hour of Triggers for your Sleep (Soft Tapping, Brushing, Stipple, Crinkling) Obviously ",,,
206,206,,,잠이 안오시나요? 10가지 소리로 재워드립니다 / Can't you sleep? I'm Gonna Help You w/ 10 Triggers ,유튜브 알고리즘을 만든 한국인의 창업 아이템 ,,,
207,207,,,How to scrape a website that requires login using Python ,보다보면 “삽겹살”로 “국뽕”차게 만드는 레전드 넷플릭스 예능ㅋㅋㅋ ,,,
208,208,,,🎧 팝송 안 듣는 사람도 빠져버릴 노래 : The Kid LAROI - WITHOUT YOU [가사/해석/lyrics] ,"260원으로 스마트홈 만들기! 폰만 갖다대면 다 됩니다. 음악틀고, 불켜고, 티비켜고, 알람맞추기 등 ",,,
209,209,,,Hazel English - California Dreamin' (Official Audio) ,Web Scraping Popular YouTube Videos | Python One Day Builds ,,,
210,210,,,Hazel English - Never Going Home [Official Video] ,"샌프란시스코의 무법지대 ""텐더로인""에 가면 생기는일 l 미국 ",,,
211,211,,,Hazel's Adventures: Palm Springs Edition ,파이썬 크롤러 - 서브페이지 링크 모두 수집하기 02 ,,,
212,212,,,"나의 💚제니💚 에게, 𝗘𝗕𝗘𝗡 - 𝗝𝗲𝗻𝗻𝘆 [가사/해석/lyrics] ",해리포터와 런던에서 숨바꼭질 | 영국여행 | 세계여행★지니키즈 ,,,
213,213,,,무스탕 원티드와 한국 서울의 미친 루프탑핑 ,세종에 이것(?) 좀 생겼으면 좋겠다 Top5  ,,,
214,214,,,한국 1인칭 파쿠르 시점  Real Parkour and Rooftop Skate Jump POV 🇰🇷 ,태어나서 바나나우유를 처음 먹어본 영국 아기의 반응!?!😍 ,,,
215,215,,,인라인 스케이트로 건물사이를 뛰게된다면? ,[당첨자발표] 이건 말야! 매일 해도 질리지 않는 고급미 뿜뿜 하면서도! 광채 피부로 시선 집중 보장하는 메이크업이야💛l 이사배(RISABAE Makeup) ,,,
216,216,,,생존신고 올립니다! (덧글ㅡQ&A) ,생각해 보면 소름 돋는 사실들 ㅣ 시리즈 액괴 ㅣ 대규모 시리즈 액괴 ㅣ 진짜 소름끼침.. ㅣ 투명액괴 ㅣ 대시액 ,,,
217,217,,,날 좋은데 친구들과 보드 어떠세요? ,유희열의 스케치북 - 드림 (KBS 미니시리즈 화랑 OST) - 볼빨간 사춘기.20170114 ,,,
218,218,,,1억주면 한다 안한다?에 흔한영상 ,기사 일주 🦞 무식상 무재 사주 12운성 보기 - 피클의 행복한 명리 ,,,
219,219,,,바나나 락 챌린지 (Banana lock challenge) 한국의 파쿠르와 리얼 아시아 루프탑핑! ,국가대표 마라토너가 직접 신어본 나이키 에어줌 알파플라이넥스트 리뷰 ,,,
220,220,,,📞전애인한테 전화하게 만드는 노래 : 𝗟𝗔𝗡𝗬 - 𝘂𝗽 𝘁𝗼 𝗺𝗲 [가사/해석] ,빈센조 송중기의 🇮🇹이탈리아어 실력은? (Feat. 찐 이탈리아인 크리스티나 등판) [영화대현실] Ep16 ,,,
221,221,,,🛫5:00PM : AIRPLANE MODE ,"""뉴욕의 자존심이 한국에 짓밟혔다"" 최악의 태풍으로 분노한 미국시민들 주지사의 한국 언급에 시위중단 난리난 상황 ""제발 한국인의 반만 닮아봐라"" ",,,
222,222,,,한국인이 좋아할 수밖에 없는 노래 : New Hope Club - Know Me Too Well [가사/해석] ,"[ASMR] 립제품 바르고 소개, 약간의 입소리 / Lipstick Try on ASMR ",,,
223,223,,,"🔥그냥 찢었다 : Skrillex, Justin Bieber & Don Toliver - Don’t Go [가사/해석/lyrics] ",(육십갑자일주론) 쉬운사주 96. 계미일주! 타고난 식복~ 개미처럼 부지런함. ,,,
224,224,,,춘천에서 숯불닭갈비를 처음 만난 미국 간호사의 반응은?! 외국놈들의 그랜드한 한국 일주 시리즈 3편!! ,일본이 한국과 전쟁하는 순간 일본은 세계지도에서 지워진다는 주한미군사령관의 증언의 실체는?::후지산 꼭대기에 태극기가 꽂힌다? ,,,
225,225,,,화이자 접종시 심근염 예방 위해 이 약을 준비하세요 ,명문대 합격을 위한 에세이 브레인스토밍 tip! 효율적으로 에세이 쓰는법 ,,,
226,226,,,"🔊 코로나19 예방접종 후 이상반응, 무엇이든 물어보세요! 심근염·심낭염(국민편) ",여자부 대학생과 고등학생의 100미터 달리기 모습 ,,,
227,227,,,숨 가쁜데?  심근염 괜찮을까?…걱정되는 백신 '이상 반응' 대처법 / JTBC 뉴스룸 ,신형 4시리즈 쿠페 한정판 솔직 후기! 카푸어가 가오잡기 좋은차. 할인은 얼마?! ,,,
228,228,,,'mRNA 백신' 대표 부작용 '심근염'·'심낭염'…어떤 증상? (2021.07.05/뉴스데스크/MBC) ,D.Ark (디아크) - Cold (Feat. 수퍼비) (Prod. Way Ched) [고등래퍼4 Semi Final 1]ㅣLyrics/가사 ,,,
229,229,,,"스트리밍 영상 다운로드 프로그램 끝판왕 , 모든 스트리밍 사이트의 영상을 다운로드 받을 수 있어요!! ",역대 하계 패럴림픽(장애인 올림픽) 메달 순위 (1896-2020) ,,,
230,230,,,에이다 암살자 ,부산 브이로그🍓 한국 유치원 준비물 | 부침개 만들고  ,,,
231,231,,,미국 증기기관차 타보기 【아메리카6】 ,[태연 메이크업] 최초공개!! 태연의 WEEKEND 뮤비 메이크업 대공개 ㅣ상상 그 이상의 메이크업 하우투ㅣ실 사용 아이템과 사용법 공개ㅣ최다 요청 위켄드 메이크업 ,,,
232,232,,,미국 길 위에서의 나날 【아메리카5】 ,"을해 일주론 ""을해 일주 운세"" 乙亥을해 일주는  / 착하고 부드러운 사람, 지식으로 먹고살아간다 ",,,
233,233,,,새로운 친구들과 릴레이 ASMR / Relay ASMR with NEW FRIENDS ,요리사 두명이 캠핑을 가면 만드는 요리 (feat.미친고기양념 레시피) ,,,
234,234,,,미국 최악의 범죄도시 스탁튼을 장악한 캄보디안 갱들과의 하룻밤 EP1 l 미국#3 ,일주분석(2) - 인성의 특성이 강한 갑자일주 ,,,
235,235,,,프랑스 시골 마을 생활기 【유라시아108】 ,[내친집][미국 편 EP.3-2] 머슬 비치에서 짐승욤에 도전하는 기욤♨ (The Homecoming) ,,,
236,236,,,"[ASMR] 속시원한 빠른 탭핑 (feat.입소리,시각적팅글) ",200년전 스코틀랜드로 시간을 거슬러 간 영국 엘리트 간호사 1부 [ 넷플릭스 드라마 추천 ] ,,,
237,237,,,[ASMR]시각적 팅글 수면유도 눈 수술👀ㅣ솜 소독ㅣ스케일러ㅣ아로마롤링 ,"[증시 셔터맨] 영국 사례로 미리보는 위드 코로나의 증시 영향 f. 유안타증권 박현상 차장, 한국투자증권 정호윤 연구원 ",,,
238,238,,,[ASMR] 통을 이용한 잠 오는 소리_입소리 단어반복 탭핑_ Unusual mouth sounds and tapping_ 口音 ,"물리 엔진과 게임 스토리텔링, 임어당의 한자 타자기, 거함·거포 시대의 종말 ",,,
239,239,,,[ASMR] 러쉬 판매 롤플 💟 _ LUSH Cosmetics Store Role-Playing ,asmr but you can't find me ,,,
240,240,,,[ASMR]츤데레 언니가 집에서 팩 붙여주고 스킨케어 해줄게👩‍🦰.. 너무 졸리면 자도 돼 ,"[여행GO!수:대천] Part1. 또 다른 바다. 게장 무한리필, 조개구이 무한리필, 스카이바이크, 바다멍 ",,,
241,241,,,[ASMR]이중 레이어드 수면유도ㅣ화면터칭 시각적 팅글ㅣDouble layered whisper ,빡공시대 중3역사2[4-3](2)미국의 남북전쟁과 러시아의 근대화(2021교육과정)-음질개선판 ,,,
242,242,,,[ASMR] 정신없이 빠른 레이어드 영상ㅣ입소리+빠른탭핑+시각적팅글ㅣ특이한 편집 ,0907  전고점 앞두고 급등한 중.일 - 가야할때 못간 한국 : 위험신호? / 일주일째 환율 1155부근 지지중 / 오늘밤 고용지표 재평가할 듯 ,,,
243,243,,,[ASMR] 직접 문지르는듯 한 촉진ㅣ시각적팅글ㅣ간지러운 속삭임 ,"ASMR 1인칭 여신강림 메이크업 상황극 (편안한 시각적 팅글, 화장품 탭핑) | True Beauty Goddess Advent Makeup(Eng sub) | 한국어 ",,,
244,244,,,[ASMR]빠른 인어디블 말소리 반복과 잠오는 손짓_뻐끔이 속삭임_Inaudible word repetation ,"한눈에 보는 게임의 변천사, GTA 시리즈 [집마] (Evolution of Grand Theft Auto) ",,,
245,245,,,[ASMR] 입소리 + 핸드무브먼트 + 카메라터칭 ,[항문질환] 치질수술이 두려운 당신에게... 항문질환 예방과 관리를 위한 tip ,,,
246,246,,,[ASMR] 긴 손톱으로 빠른 탭핑 ❤️‍🔥ㅣ소곤소곤 수다떨자 🤗 ,"""한국은 모든 준비가 끝났다"" 미국의 역대급 재난에 한국만 바라보는 상황 ",,,
247,247,,,[ASMR]잘난척대마왕 직원의 대왕귀 바스락 귀청소ㅣ마른귀지 파는소리ㅣ잠이 솔솔오게 사부작사부작 귀파주기_리쮸LIZZU🖤 ,1박2일 두루가볼 전국 일주! 설마.. 오늘 간다고요?! [1박 2일 시즌4/Two Days and One Night 4] 20200329 ,,,
248,248,,,[ASMR] 팅글 뽑아내기 🌠 (입소리) / 잠오는 소리 _ 리쮸 Lizzu ,"ASMR 대충 귀파주다가 실수로 고막 제거한 간호사 롤플레이 | ear cleaning, nurse's mistake roleplay ",,,
249,249,,,[ASMR]노토킹 귀청소ㅣ귀소독ㅣ바세린바르기ㅣ귀뚫고 귀걸이 끼우기👂🏻 ,이다희 유독 진한 메이크업 잘 어울리는 이유? ,,,
250,250,,,"[ASMR]너의 걱정,우울,슬픔,불면증을 핀셋으로 뽑아서 불어버릴께ㅣ덤으로 행복,행운 채워주기ㅣ사랑스런 너의 슬픔덜어주기🤍ㅣ기분좋은 롤플레잉ㅣ리쮸LIZZU ","미국 고등학교 여자애들은 남자볼때 어디볼까? 외모,키,크기 중요함? | 한글자막 ",,,
251,251,,,당신이 원하던 화면브러쉬 터칭 / screen brush touching / 강한소리 주의 [리쮸 asmr] おやすみ ,한국인보다 영어를 못하는 미국인? 영국영어 발음 :: British English vs American English. Two men in Korea talk about it. ,,,
252,252,,,[ASMR]Eng. 스케일러로 귀파주는 이상한 귀청소샵_고인물도 팅글느끼는 마이크 귀파주기_잠오는 귀지파는소리_리쮸LIZZU ,2021년 신나는예술여행“교과서클래식으로 떠나는 세계일주”_디아트원(신석초등학교) ,,,
253,253,,,[ASMR]팅글을 느끼지 못하는 환자 팅글 회복 수술하기_귓속수술_수술 롤플 ,"무시당하던 ""한국""이 ""미국, 중국, 일본"" 쌈싸먹었던 전설의 사건 ",,,
254,254,,,[ASMR]앞머리 잘라드릴게요_조금 이상한 8년차 디자이너🥺_미용실 롤플레잉_Hair shop cutting roleplaying ,Z 플립3의 놀라운 외부 화면 활용도 [4K] ,,,
255,255,,,"[ASMR] 무편집버전ㅣ입소리,탭핑,시각적팅글ㅣ화면에 쿠션 발라주기,마이크 브러슁 ","2021년무술일주운세, 무술일주2021년운세, 60갑자일주론, 정유역학강의, 명리기초, 사주심리학, : 근면성실 봉사성, 책임감과 총명함  :  정유역학강의. ",,,
256,256,,,"[ASMR]입소리와 스크린 브러쉬🖤 톡톡,뽀롱,간질간질 ",한 장에 천 만원짜리 패션평가??? 근데 고등학생이라고??? 🙉 ,,,
257,257,,,"치과 asmr / lizzu’s dental 🦷 리쮸 / 핀셋소리 , 충치치료 , 스케일링 scailing / 수면유도 ",미국 엄마들의 포대기 아기 캐리어 해외 반응 | American Moms Try Korean Podaegi Baby Carrier ,,,
258,258,,,림밤으로 화면터칭 +단어반복 asmr / 리쮸 / 팅글대박🙌🏻 ,[어서와리플레이] 땡볕에도 지치지 않는 장꾸 5인방의 술래잡기! l  ,,,
259,259,,,[ASMR]SUB. 잠오는 충치치료와 스케일링_나긋하고 친절한 의사선생님🦷 치과 롤플 _cavity treatment and scaling RP ,어깨 비대칭 교정 시리즈 1 : 올라간 어깨 1분 30초 만에 교정 하기 (불균형 원리와 방법) [바디퍼스트 실전체형해부학 29] ,,,
260,260,,,"뇌신경 검사 롤플레이 / 후각 , 불빛 시각 검사 _ 리쮸 asmr (cranial nerve test) 잠오는 영상 ","소향 리액션 반응 ""너무 아까워"" 순위, 반전 보컬코치 Vocal Coach! Ranking of the ""Unfortunately"" reaction to So Hyang ",,,
261,261,,,[ASMR]SUB. 쌍꺼풀 수술 롤플레잉 _ Double eyelid surgery role-playing _ 二重まぶた手術 ,[한국어ASMR] 탭핑ASMR ,,,
262,262,,,[ASMR]뭔가 이상한 눈 초점검사/안과 롤플레잉/잠오는 안구 신경 검사/리쮸 ,무난한 출발은 했지만… 벤투호에 드리워진 '불안한 그림자'  ,,,
263,263,,,"[ASMR] SUB 츤데레 친언니가 화장 해줄게_뷰러탭핑,풀메이크업_ Putting on makeup role playing 💄 ",'띵 시리즈' 베테랑 편집자에게 듣는 에세이 출판 기획의 모든 것 【말줄임표 S2E7】 ,,,
264,264,,,아로마 향으로 낮잠자기 좋은날 🌿롤링롤링 리쮸 asmr _ 잠오는소리 _ 시각적팅글 ,[ ,,,
265,265,,,"[ASMR]간질간질 단어반복과 핸드무브먼트ㅣ코,볼,속눈썹,귀 간지럽히기ㅣTickling soundㅣ리쮸🖤 ",❤연애 못하는 사람 특징❌ / 시리즈 액괴 시리즈액괴 시액 액괴시리즈 액시 슬라임 쥐돌님 연애 특징 시루 ,,,
266,266,,,[ASMR]인어디블 초근접 간지럽히기🤣 간질간질 단어반복 ,ASMR. 치과도구(갈고리)  ,,,
267,267,,,"[ASMR] 뇌신경검사 2탄 후각,청각,촉각,시각 실감나는검사_のうしんけいけんさ,cranial nerve test_리쮸 LIZZU🖤 ",텐션 업  사장님~~ 놀라운 손기술 ,,,
268,268,,,[ASMR] 콩닥콩닥 심장소리_안정되는소리Heart beat sound ,"미국, 높은 백신 접종률에도 변이바이러스 확산 우려 / KBS 2021.04.17. ",,,
269,269,,,[ASMR] 초근접 마이크 물고 입소리ㅣ뇌까지 전달되는 팅글 ,[ASMR] 통을 이용한 잠 오는 소리_입소리 단어반복 탭핑_ Unusual mouth sounds and tapping_ 口音 ,,,
270,270,,,[ASMR] 화면에서 뽑아내는듯 손짓과 입소리ㅣmouth sound coming out of the screen ,미국 여행할 때 맥도날드에서 반값으로 먹는 방법 ,,,
271,271,,,미니마이크 💋소리 asmr 리쮸 / 초코초코 단어반복 🔮 word recitation / repeated word ,%EB%82%B4%EB%85%84%EB%A7%90%EA%B9%8C%EC%A7%80%20%EC%84%9C%EC%9A%B8%20%EC%B5%9C%EB%8C%80%2017%%20%ED%95%98%EB%9D%BD%20... ,,,
272,272,,,[ASMR]배에서 이상한 소리가 나요🤒 꼬륵꾸르륵 korea upset Stomach asmr ,러시아가 한국에 대한 호감도 1위를 표한 진짜 이유?! (ft. 한국의 의리) ,,,
273,273,,,초보 vs 고수 ASMRist / The Beginner Vs Master ASMRist ,한국 아이스크림을 처음 먹어본 미국인들의 반응!? // Americans React to Korean Ice Creams!! ,,,
274,274,,,여자친구 몰래 센스 있는 선물하기 꿀팁 6가지 | 클래씨 ,데일리 10분컷 변장메이크업 / my daily 10 mins make-up💗 ,,,
275,275,,,"[강남자바사물인터넷(IOT)개발학원] 세계 주류 쇼핑몰 홈페이지 개발(IT 프로젝트 포트폴리오, 국비무료교육, 강남 이젠아이티(IT)컴퓨터학원) ","【리빙tv】손바닥 세계여행, 캄보디아 프놈펜에 평양랭면관이 있다 ",,,
276,276,,,취업전선에 부는 ’코딩 열풍‘...실상은? / SBS / 후스토리 ,1편 유산소는 이제 그만  트리거의 최고의 살빼기 방법은 바로 이것!  [트리거15초] ,,,
277,277,,,"헬스 초보자에게 5x5 루틴이 왜 좋은가 ?? - [ 근비대, 근력향상 다 잡는  5x5 스트렝스 루틴 설명 ] ","캄보디아서 대박난 매운 한국 라면, 미쎄울! (부제 : 그녀가 이마에 파스를 붙인 이유는?)  | មីហឹរសេអ៊ូល | 까니까 먹방 ",,,
278,278,,,초보 vs 고수 ASMRist / The Beginner Vs Master ASMRist ,한국 LG OLED TV의인기비결은???해외반응 – 일본이것이 한국의 기술이다!!일본방송에서 극찬하는 반응 ,,,
279,279,,,팅글주의! 내가 엄선한 트리거 사운드 ASMR / This Is My Favorite Triggers ASMR For YOU! ,"김광현, 입지 흔들리나… LAD전 등판 취소→불펜 대기/ 19시 스포츠타임 뉴스 LIVE ",,,
280,280,,,정신없는사람 VS 차분한사람...  / Friends ASMR ,초보의 '근육 수호신' VS 고수의 '전설 수호신'! 고수 수호신의 엄청난 핵사기 능력! 그리고.. [마인크래프트] ,,,
281,281,,,100% 수면보장 빠져드는 입소리 / You Will Fall Asleep To this MOUTH SOUNDS ASMR ,김정은 짤을 보고 한국인 드립에 충격받은 북한사람 반응 ,,,
282,282,,,Washing You💧 ASMR ,외국인을 처음 만난 고등학생 반응 ,,,
283,283,,,The Departed deleted scene - Delahunt a cop or not? ,아나콘다 시리즈 전편리뷰! 1부 원주민 모자이크 완료! (미안함) ,,,
284,284,,,if Apple made Window Blinds ,파리 한복판 중국인들의 기이한 행동에 해외네티즌들 한국소환중인 이유 ,,,
285,285,,,브리타 정수 능력 검증 실험 ,올로드샵💙 메이크업 도구 포함 5만원으로 학생 풀메이크업 💙 화알못들 여기 여기 모여라 (저렴이템 추천) ,,,
286,286,,,외국놈들이 밥버거랑 처음 만났을 때 벌어진 일?! 외국놈들의 그랜드한 한국 일주 시리즈 2편!! ,"7 HOUR STUDY WITH ME | Background noise, Rain Sound, 10-min Break, No music, Study with Merve ",,,
287,287,,,"코딩 1도 모르던 문과생이 개발자 된 썰 | 취업 전후로 알았으면 좋았을 것들 |해외취업|  좋아하는 일 vs 잘하는 일 | 부트캠프 vs 국비지원 | 개발 적성, 취준생, 직장인 ","전세계 32개국 교복 모음 (한국, 중국, 미국 등) ",,,
288,288,,,"3년 간 매출 0원, 지금은 매년 떡상중 📈 ","ASMR RAINBOW DESSERTS 무지개 먹방 팝핑보바, 보석젤리, 별사탕 먹방 POPPING BOBA, JELLY, GUMMY MUKBANG NO TALKING EATING ",,,
289,289,,,"Work & Study Lofi Jazz - Relaxing Smooth Background Jazz Music for Work, Study, Focus, Coding ",미국 회사에서 자주 쓰는 비즈니스 영어 표현 50개! (구슬쌤 영상 총정리 3탄) ,,,
290,290,,,고수의 ASMR 화상교육 롤플레이/ PRO ASMRTIST teaches ASMR to Beginner RP (video chat ver.) ,"미국 델타포스, 독일 GSG, 영국 SAS 등 전세계 특수부대가 벤치마킹하는 한국의 특수부대::그들의 존재는 2급 비밀 ",,,
291,291,,,ASMR 무슨소리일까? / Let's Guess the ASMR Triggers ,"[해외반응]영국 G7 한국 공식 초청 일본네티즌 ""웃기고 있네"" ",,,
292,292,,,"귀 마사지 No talking ASMR | 맨손, 로션 귀, 라텍스장갑 | Ear Massage  | Lotion ear massage | Latex gloves massage ",[머니올라 315화] 비대면 대출이 너무 쉬운 한국...왜 위험한가?(서영수 이사) ,,,
293,293,,,공부할 때 듣는 가사 없는 애니 OST 🎹 【𝐦𝐨𝐭𝐞𝐦𝐨𝐭𝐞｜𝐩𝐥𝐚𝐲𝐥𝐢𝐬𝐭｜모트모트｜플레이리스트】 ,※런던 현지인 반응※ 런던 길거리를 토트넘 손흥민이 걸어다닌다면? (역시 월클⭐️)ㅣ ,,,
294,294,,,공부할때 듣는 조용한 빗소리와 재즈 피아노 BGM soft rain jazz piano play ⎮ relax study to ,회사에서 재미를 추구하면 안 되는 걸까 | 네이버웹툰 개발자 채용설명회 ,,,
295,295,,,온라인으로 주문한 딸기가 3시간 만에 우리 집까지 올 수 있는 이유 ,[FULL VER.] 한국인이 이번 미국 대선에 주목해야 하는 이유 |  ,,,
296,296,,,"Work & Study Lofi Jazz - Relaxing Smooth Background Jazz Music for Work, Study, Focus, Coding ",오타니 vs 다르빗슈 맞대결 드디어 성사 가능성은  ,,,
297,297,,,월급노예 탈출 시켜준 1권의 책 ,"디지몬마스터즈 디마 ""그냥 신... 알파몬왕룡검X 각성 리뷰!!"" 말이 필요없습니다... 경이롭습니다... ",,,
298,298,,,"누적투자 2000억, 세계 1위 채팅 솔루션 기업 센드버드 창업기 | 센드버드 대표 김동신 [리얼밸리 시즌2 EP 17] ",[경제 완전정복] 반도체 압력…미국의 속내와 우리의 대응은? (2021.04.13/뉴스외전/MBC) ,,,
299,299,,,스타트업 서바이벌 오디션 🦄유니콘하우스 참가자 모집 ,범죄도시 마동석을 본 실제 강력계 형사 반응은? (ft.진실의 방 원조) ,,,
300,300,,,영국 고등학생들에게 불닭볶음면을 줘봤더니…?ㅎ🔥🥵 얘들아 미안…;;🚽 ,불곰국 시리즈를 본 러시아인 반응 ,,,
301,301,,,인도여행 포기합니다.. 새벽에 비행기표 사고 긴급 귀국합니다.. l 인도#4 ,"[🇺🇸🇯🇵]자연스럽게 눈2배✨커지는 사방트임 메이크업👀 눈 성형메이크업/앞,윗,뒷트임 하는 법/ ",,,
302,302,,,말도 안되는 인도의 문화.. 문화 충격을 느껴서 속이 울렁거린다.. 진짜 집에 가야겠다 l 인도#3 ,"경진일주, 일주론 사주강의 제17강 ",,,
303,303,,,세계여행자들이 절대 오지 않는 방글라데시.. 나는 왔다. 정말 죽을거같다.. l 방글라데시#1 ,한국의 괴물 팝핀댄서를 보고 기가죽은 프랑스 팝핀댄서!네덜란드 팝핀배틀대회장이 난리가 남!(팝핀호안VS프랭키VS소울빈)소마의리뷰리액션! ,,,
304,304,,,"클론코딩 ""제대로"" 하는 방법 #Shorts ",[해외통신] 한국은 전 세계적인 모델로서의 권위를 이어나가고 - 영국 방송 제목도  내용도 반응도 진하네요 ,,,
305,305,,,고양이들 미용하고 목욕하기 ,ASMR 한국어 | 빠른 에너지로(?) 빠른 탭핑  ,,,
306,306,,,스킨케어 풀코스 압출 피부관리 롤플레이 asmr | skin care shop full course roleplay asmr | pimple popping | korean asmr ,한국영국 혼혈 ,,,
307,307,,,दुश्मन कॉलर पकड़े तो 😱#missionsavenirbhaya #selfdefencetechniqe  #commandofitnessclub ,[백브리핑] 경운기 부대의 '머드맥스'…한국관광공사 영상 또 터졌다 / JTBC 뉴스룸 ,,,
308,308,,,최고의 카우보이 목격 ,한국 쮸쮸바를 처음 보고 깜짝 놀란 미국 부모님 반응 ㅋㅋ ,,,
309,309,,,Big Whale surfing with the Surfers rare moment ever seen | Animal Video | Whale ,평소 한국 차를 무시하고 소개 했던 해외 채널이 한국의 신차를 보고 극찬 한 이유(해외반응) ,,,
310,310,,,세상에서 가장 위협적인 동물 레서판다3🦝 ,한국인이 우크라이나 미녀에게 고백했을때 엄청난 반응ㄷㄷ ,,,
311,311,,,자기야 눈감고 뭔지 마춰봐요 ,문학소녀 ㅣ 오디오북 ㅣ 80일간의 세계 일주(Around the World in 80 Days) ㅣ 장편소설 ㅣ 문학소설 ㅣ 완독판 ,,,
312,312,,,통쾌킹_그아들에 그아빠 #shorts ,"트리거 포인트...? 만성 통증 원인, 알기 쉽게 빵으로 설명해 드립니다! | 나는 몸신이다 292 회 ",,,
313,313,,,확실한 강아지 배변교육 #shorts ,👭친구한테 유튜브 하는거 들켰을 때 유형💥 / 시리즈 액괴 시리즈액괴 시액 액괴시리즈 액시 슬라임 대규모시리즈 유형 시루 ,,,
314,314,,,Dogs not being carful ,한국 워터파크를 처음 가본 영국 신부님 크리스!! ,,,
315,315,,,갈고리 돌리기 초급편 ,"""한국은 제외 "" 미국 백악관의 초대형 발표에 한국은 웃고 일본은 난리난 현상황 ""왜 한국만 제외인가 대반전에 크게놀란 일본"" ",,,
316,316,,,배그 고인물은 C4를 이렇게 사용합니다 ㅋㅋㅋㅋㅋ ,🇫🇷 각 나라별 “사랑해” 💌 • 시리즈 액괴 • 대규모 시리즈 액괴 • 액괴 시리즈 • 시리즈액괴 • 액괴시리즈 • 배화 ,,,
317,317,,,whale rescued in Alaska great work ,ㅌ 자중지란의 카오스 상황! ,,,
318,318,,,"다이어트 자극, 20kg 감량 과정 #shorts ",아마도 수능 전 마지막 세계일주 주부-유즈노사할린스크 ,,,
319,319,,,WINTER BUSHCRAFT BUILD NATURAL PRIMITIVE BARK ROOF SHELTER Campfire Cooking in Snow #Shorts ,발명가과학자천재작사작곡가가수국왕 남광희여왕 1957년 11월23 일생 01084553359 전국경제인연합회 전경련회관총재 방송회관총재 국가통치권자인국왕남광희여왕억울해 분통터진다 ,,,
320,320,,,This Sportsmanship Is So Special ❤️ ,"아내가 바람필 때 나타나는 증거잡기 I 책, 책추천 ",,,
321,321,,,jackie chan WhatsApp status ,뷰티유튜버삐삐의 꿀팁메이크업1탄~3탄 모아보기 / 인싸가족 시트콤 ,,,
322,322,,,Crazy Behind The Scenes Stunts! #shorts ,💁‍♀친절한 왕초보 데일리 메이크업🌟수정화장법 꿀팁 ,,,
323,323,,,interesting hairstyles || amazing hairstyles #shorts ,절 ,,,
324,324,,,운동화매듭 ,신축년운세 -계일간(6개 일주별) ,,,
325,325,,,물에 빠트린 핸드폰 찾아주는 돌고래 ,대 ,,,
326,326,,,배그 프로 베릴 정점의 1대4 미친  올킬 세이브!!   [배틀그라운드] #Shorts #Youtube Shorts ,전판 일꾼 뺏기고 화난상대의 유닛을  또 뺏어봤더니 미친듯이 화난 상대ㅋㅋ ,,,
327,327,,,Cruisin up to the giant. ,미국 간호사가 돈가스 처음 먹어본 인상은?! 외국놈들의 그랜드한 한국 일주 시리즈 1편!! ,,,
328,328,,,Street bike climbs enduro hill climb ,"갑오일주(甲午日柱), 사주명리학 일주론 강의 제31강 ",,,
329,329,,,올라간다 ~~ (할아버지가 포인트) ,[한국어ASMR] 신인 아이돌 메이크업샵 롤플레이 💄 Make up artist RP (ENG SUB) ,,,
330,330,,,경찰서 간 마동석 ,Pokémon Omega Ruby and Pokémon Alpha Sapphire Animated Trailer ,,,
331,331,,,Ballerina balancing on a champagne bottle! ,고수 못 먹는 분들을 위한 헌정 영상 ,,,
332,332,,,lucky day of this 😱 ,%EC%BD%A9%EB%8B%A5%EC%BD%A9%EB%8B%A5(%EC%8B%AC%EC%9E%A5%EC%86%8C%EB%A6%AC+%EC%9E%85%EC%86%8C%EB%A6%AC)%EB%8F%99%EC%8B... ,,,
333,333,,,The NEWEST WAVE of Technology @beyondant_llc ‼️ ,속보 아베 결국 정계은퇴? 충격적인 일본인들 반응 // 아베 끝나나 ,,,
334,334,,,파리에서 까리하게 문워크추는 흑형 ,희 ,,,
335,335,,,woodworking tips  #shorts ,반 ,,,
336,336,,,Beluga Whale Retrieves Girl's Phone | CONTENTbible #Shorts ,'인간의 본능' 때문에 한국에서 아이를 낳지 않는다? 수도권 집중과 저출생 문제의 관계/스브스뉴스 ,,,
337,337,,,Angry Dog Attitudes ,ASMR ,,,
338,338,,,나태주3단차기 ,트리거 ,,,
339,339,,,역시 삼성이야 ~ ,방글라데시 ,,,
340,340,,,The world need more people like this | Good People |#Shorts ,한우 ,,,
341,341,,,看什么看 ,수술 ,,,
342,342,,,Just foil boarding around 😅 ,마이크 ,,,
343,343,,,스쿼드에 나타난 석궁빌런 [배틀그라운드] ,파이썬 ,,,
344,344,,,Shamu is hunting ,메이크업 ,,,
345,345,,,"Killer Whale, amazing! ",탭핑 ,,,
346,346,,,태권도 발차기 ,입소리 ,,,
347,347,,,마법 쓰는 아이유 IU ,롤플레이 ,,,
348,348,,,Cute Moments in Tennis #3 ,초보 ,,,
349,349,,,한국 미국 화장법 차이? ,고수 ,,,
350,350,,,2021년 8월 22일 ,알파 ,,,
351,351,,,공포의 고래 ,고등학생 ,,,
352,352,,,VR 여전사 ,화상교육 ,,,
353,353,,,20170318-イルカショー後のイルカとスタッフのやりとり笑 ,영국 ,,,
354,354,,,[김루이] 지인들에게 김루이🐦 얘기하면 흔히보이는 반응들😅 #회색앵무새 #shorts ,반응 ,,,
355,355,,,몽산포 맛조개 ,시리즈 ,,,
356,356,,,패션쇼 난입한 고양이의 뻔뻔한 '캣워크' ,일주 ,,,
357,357,,,OMG SCARY MOVING STATUE 123 M Views London #Shorts ,일주 ,,,
358,358,,,Table Tennis Trickshots In Slowmotion#2 ,외국놈 ,,,
359,359,,,@m@zing jumping in sky 💅 #$hort video status ,한국 ,,,
360,360,,,장도연 | 바카디 마시는 법 ,캄보디아 ,,,
361,361,,,[1분상식] 코뿔소에게 방사능 물질을 주사하면 벌어지는 일.. #shorts ,캄보디안 ,,,
362,362,,,[김루이]유정이시리즈(2)-실수를 깨달은 앵무새🐦그러나 이미 늦었… #shorts ,엄마 ,,,
363,363,,,Brachistochrone curve. Fastest route for a ball. ,미국 ,,,
364,364,,,신당동과일천국 수박썰기 ,하루 1억원 팔린 텍사스 바베큐 스페어립 / texas style barbecue s... ,,,
365,365,,,How Animation Movie Sound Effects are Made ,하루 1억원 팔린 텍사스 바비큐 스페어립 / texas style barbecue s... ,,,
366,366,,,이시영 마술 ,saturn telescope ,,,
367,367,,,바퀴벌레 살충제로 떡칠하기.. ,토성 관측 고화질 ,,,
368,368,,,,토성 관측 망원경 ,,,
369,369,,,,천체망원경 토성 ,,,
370,370,,,,"스트리밍 영상 다운로드 프로그램 끝판왕 , 모든 스트리밍 사이트의 영상을 다운로드 받을 수 있어요!! ",,,
371,371,,,,that second kiss ,,,
372,372,,,,coding music ,,,
373,373,,,,하루 1억원 팔린 텍사스 바비큐 스페어립 / texas style barbecue s... ,,,
374,374,,,,[풀버전] 차지연의 美친 고음폭발↗ ′Defying Gravity′ 뮤지컬 위키드 中... ,,,
375,375,,,,"금연 중엔 보면 안 되는, 수컷의 영상 🔥 Andy Grammer - My Own ... ",,,
376,376,,,,내가아는 제일웃긴 일반인여성과 데이트 [뚬더커플 vlog] ,,,
377,377,,,,https://www.youtube.com/watch?v=TZhJ4cz32nU ,,,
378,378,,,,초고속 탭핑으로 잠들어봐요 /SUPER FAST  ,,,
379,379,,,,Springboard chop  professional lumberjack Mark-... ,,,
380,380,,,,ASMR✂️머리감겨주는 미용실 RP/ a Tingly Hairdresser RP  ,,,
381,381,,,,패션쇼 난입한 고양이의 뻔뻔한 '캣워크' ,,,
382,382,,,,"[ASMR] SUB 츤데레 친언니가 화장 해줄게_뷰러탭핑,풀메이크업_ Putting ... ",,,
383,383,,,,"치과 asmr / lizzu’s dental 🦷 리쮸 / 핀셋소리 , 충치치료 , ... ",,,
384,384,,,,ASMR 잠이솔솔 메이크업 퍼프상점 롤플레이 /ASMR Sleepy Makeup Sponges Shop RP/ makeup sounds ,,,
385,385,,,,Beluga Whale Retrieves Girl's Phone | CONTENTbi... ,,,
386,386,,,,lucky day of this 😱 ,,,
387,387,,,,미국 길 위에서의 나날 【아메리카5】 ,,,
388,388,,,,시청기록 ,,,
389,389,,,,Unnamed: 0 ,,,
390,390,,,,"[한사랑산악회]시장 나들이,,, ",,,
391,391,,,,[천상나르샤]  유연석과 함께 즐기는 RPG  슬기로운 게임생활 TVC 최초 공개!!... ,,,
392,392,,,,뭔가 빠져드는 예측불허 입소리 / Super Intense Unpredictable ... ,,,
393,393,,,,https://www.youtube.com/watch?v=Mnoh9UwDkf4 ,,,
394,394,,,,"단언컨대, 카트라이더 대회 명경기 단 하나만 뽑으라면.. 0.005초의 영역 ",,,
395,395,,,,스쿼드에 나타난 석궁빌런 [배틀그라운드] ,,,
396,396,,,,세계여행자들이 절대 오지 않는 방글라데시.. 나는 왔다. 정말 죽을거같다.. l 방글... ,,,
397,397,,,,"스트리밍 영상 다운로드 프로그램 끝판왕 , 모든 스트리밍 사이트의 영상을 다운로드 받을 수 있어요!! ",,,
398,398,,,,"[ASMR] SUB 츤데레 친언니가 화장 해줄게_뷰러탭핑,풀메이크업_ Putting on makeup role playing 💄 ",,,
399,399,,,,[용진] GRWM VLOG 올빽 슬릭백 하는 법 ,,,
400,400,,,,[ASMR] 입소리   핸드무브먼트   카메라터칭 ,,,
401,401,,,,"그냥 누워계십쇼 30분안에 잠이 올겁니다 / Just Lie Down, You'll ... ",,,
402,402,,,,"S전자 다니는 사람의 집은 어떻게 생겼을까? l 특 : 애플, 다이소 좋아함 l 고양... ",,,
403,403,,,,2021년의 미국 여행 【아메리카0】 ,,,
404,404,,,,[용진] GRWM VLOG 올빽 슬릭백 하는 법 ,,,
405,405,,,,[ASMR] 입소리   핸드무브먼트   카메라터칭 ,,,
406,406,,,,그랜드한 한국 일주 시리즈!! (예고편) ,,,
407,407,,,,올바른 칫솔 고르는 방법! | 이것 딱 한가지만 기억하시면 됩니다~! | 치과의사가 ... ,,,
408,408,,,,"""너희한테 소중한건 뭐야?"" 미국 최악의 도시에서 캄보디안 깽들이 지키고자하는것 EP... ",,,
409,409,,,,의상이 좀..곤란한데요...😳 ,,,
410,410,,,,"ASMR/SUB 스냅 촬영을 위한 메이크업과 헤어 스타일링💄💇 마믅 뷰티 살롱(후시 녹음) Makeup, Hair Styling Roleplay ",,,
411,411,,,,초보 vs 고수 ASMRist / The Beginner Vs Master ASMRist ,,,
412,412,,,,ASMR 잠이솔솔 메이크업 퍼프상점 롤플레이 /ASMR Sleepy Makeup Sponges Shop RP/ makeup sounds ,,,
413,413,,,,ASMR 잠이솔솔 메이크업 퍼프상점 롤플레이 /ASMR Sleepy Makeup Sponges Shop RP/ makeup sounds ,,,
414,414,,,,ASMR 잠이솔솔 메이크업 퍼프상점 롤플레이 /ASMR Sleepy Makeup Sponges Shop RP/ makeup sounds ,,,
415,415,,,,초보 vs 고수 ASMRist / The Beginner Vs Master ASMRist ,,,
416,416,,,,ASMR 핸드무브먼트 장인의 단어반복 | 브러쉬 | 팅글보장 | Tingly Trigger Words | Brushing ,,,
417,417,,,,ASMR 잠이솔솔 메이크업 퍼프상점 롤플레이 /ASMR Sleepy Makeup Sponges Shop RP/ makeup sounds ,,,
418,418,,,,초보 vs 고수 ASMRist / The Beginner Vs Master ASMRist ,,,
419,419,,,,asmr 잠이솔솔 메이크업 퍼프상점 롤플레이 /asmr sleepy makeup sponges shop rp/ makeup sounds ,,,
420,420,,,,La아줌마 ,,,
421,421,,,,진절미 ,,,
422,422,,,,땡깡 넥스트레벨 ,,,
423,423,,,,Entj ,,,
424,424,,,,매튜브 사기맵 ,,,
425,425,,,,공부할 때 듣는 해리포터 OST 모음🧙‍♂️🧙‍♀️ [motemote│모트모트│... ,,,
426,426,,,,"블랙홀에 맨몸으로 들어가도 안 죽는다고? 인터스텔라의 블랙홀, 웜홀 총정리 ",,,
427,427,,,,드디어... 전한길쌤과 만났습니다... ,,,
428,428,,,,이것이 어른의 레고다 – “나에게 레고란”  종합 편 ,,,
429,429,,,,영국에 한국 분식집 생겼는데 현지인들 줄서고 난리남!!🤭 ,,,
430,430,,,,ASMR 360° VR Mic | Tuning Fork Deep Ear 3D Vibr... ,,,
431,431,,,,Sufjan Stevens - Visions of Gideon ,,,
432,432,,,,The Best Kitesurfing Spots in the World 4K - Pa... ,,,
433,433,,,,세상에서 가장 복잡한 이론은 무엇인가? [안될과학 랩미팅 - 카오스 이론 1부] ,,,
434,434,,,,Cook Chinese Comedy Food TikTok Eat - Nấu món ă... ,,,
435,435,,,,OMG SCARY MOVING STATUE 123 M Views London  ,,,
436,436,,,,"[ASMR]간질간질 단어반복과 핸드무브먼트ㅣ코,볼,속눈썹,귀 간지럽히기ㅣTicklin... ",,,
437,437,,,,[ASMR] 러쉬 판매 롤플 💟 _ LUSH Cosmetics Store Role-... ,,,
438,438,,,,ASMR 핸드무브먼트 장인의 단어반복 | 브러쉬 | 팅글보장 | Tingly Trigger Words | Brushing ,,,
439,439,,,,ASMR 잠이솔솔 메이크업 퍼프상점 롤플레이 /ASMR Sleepy Makeup Sponges Shop RP/ makeup sounds ,,,
440,440,,,,초보 vs 고수 ASMRist / The Beginner Vs Master ASMRist ,,,
441,441,,,,ASMR 핸드무브먼트 장인의 단어반복 | 브러쉬 | 팅글보장 | Tingly Trigger Words | Brushing ,,,
442,442,,,,공부할 때 듣는 해리포터 OST 모음🧙‍♂️🧙‍♀️ [motemote│모트모트│... ,,,
443,443,,,,"블랙홀에 맨몸으로 들어가도 안 죽는다고? 인터스텔라의 블랙홀, 웜홀 총정리 ",,,
444,444,,,,드디어... 전한길쌤과 만났습니다... ,,,
445,445,,,,이것이 어른의 레고다 – “나에게 레고란”  종합 편 ,,,
446,446,,,,영국에 한국 분식집 생겼는데 현지인들 줄서고 난리남!!🤭 ,,,
447,447,,,,ASMR 360° VR Mic | Tuning Fork Deep Ear 3D Vibr... ,,,
448,448,,,,Sufjan Stevens - Visions of Gideon ,,,
449,449,,,,The Best Kitesurfing Spots in the World 4K - Pa... ,,,
450,450,,,,세상에서 가장 복잡한 이론은 무엇인가? [안될과학 랩미팅 - 카오스 이론 1부] ,,,
451,451,,,,Cook Chinese Comedy Food TikTok Eat - Nấu món ă... ,,,
452,452,,,,OMG SCARY MOVING STATUE 123 M Views London  ,,,
453,453,,,,"[ASMR]간질간질 단어반복과 핸드무브먼트ㅣ코,볼,속눈썹,귀 간지럽히기ㅣTicklin... ",,,
454,454,,,,[ASMR] 러쉬 판매 롤플 💟 _ LUSH Cosmetics Store Role-... ,,,
455,455,,,,ASMR 핸드무브먼트 장인의 단어반복 | 브러쉬 | 팅글보장 | Tingly Trigger Words | Brushing ,,,
456,456,,,,ASMR 잠이솔솔 메이크업 퍼프상점 롤플레이 /ASMR Sleepy Makeup Sponges Shop RP/ makeup sounds ,,,
457,457,,,,"[ASMR]간질간질 단어반복과 핸드무브먼트ㅣ코,볼,속눈썹,귀 간지럽히기ㅣTicklin... ",,,
458,458,,,,[ASMR] 러쉬 판매 롤플 💟 _ LUSH Cosmetics Store Role-... ,,,
459,459,,,,공부할 때 듣는 해리포터 OST 모음🧙‍♂️🧙‍♀️ [motemote│모트모트│... ,,,
460,460,,,,"블랙홀에 맨몸으로 들어가도 안 죽는다고? 인터스텔라의 블랙홀, 웜홀 총정리 ",,,
461,461,,,,드디어... 전한길쌤과 만났습니다... ,,,
462,462,,,,이것이 어른의 레고다 – “나에게 레고란”  종합 편 ,,,
463,463,,,,영국에 한국 분식집 생겼는데 현지인들 줄서고 난리남!!🤭 ,,,
464,464,,,,ASMR 360° VR Mic | Tuning Fork Deep Ear 3D Vibr... ,,,
465,465,,,,Sufjan Stevens - Visions of Gideon ,,,
466,466,,,,The Best Kitesurfing Spots in the World 4K - Pa... ,,,
467,467,,,,세상에서 가장 복잡한 이론은 무엇인가? [안될과학 랩미팅 - 카오스 이론 1부] ,,,
468,468,,,,Cook Chinese Comedy Food TikTok Eat - Nấu món ă... ,,,
469,469,,,,OMG SCARY MOVING STATUE 123 M Views London  ,,,
470,470,,,,블랙홀 웜홀 ,,,
471,471,,,,"블랙홀에 맨몸으로 들어가도 안 죽는다고? 인터스텔라의 블랙홀, 웜홀 총정리  ",,,
472,472,,,,2021년 8월 22일 ,,,
473,473,,,,펭수 ,,,
474,474,,,,독도새우를 처음 먹고 충격받은 외국인 미녀 ,,,
475,475,,,,"블랙헤드, 모공 말끔히 세안하는 클렌징오일 세안법 | 완전 상세 ",,,
476,476,,,,15초 안에 게임 끝남ㅋ ,,,
477,477,,,,울트라셋 ,,,
478,478,,,,ASMR ,,,
479,479,,,,ASMR ,,,
480,480,,,,파이썬 코딩 tk ,,,
481,481,,,,asmr ,,,
482,482,,,,ASMR ,,,
483,483,,,,ASMR ,,,
484,484,,,,konlpy csv ,,,
485,485,,,,빠니보틀 미국 ,,,
486,486,,,,초보 고수 asmr 크온구 ,,,
487,487,,,,초보 고수 asmr ,,,
488,488,,,,메이크업 asmr ,,,
489,489,,,,퍼프 asmr ,,,
490,490,,,,브러쉬 시각적 팅글 ,,,
491,491,,,,브러쉬 asmr ,,,
492,492,,,,hazel english ,,,
493,493,,,,고층 파쿠르 ,,,
494,494,,,,크온구 ,,,
495,495,,,,Asmr 빠른 ,,,
496,496,,,,rokseal 이근대위 ,,,
497,497,,,,5x5 루틴 ,,,
498,498,,,,크온구 ,,,
499,499,,,,과즙세연 제로투 심하게 매운맛 ,,,
500,500,,,,과즙세연 제로투 ,,,
501,501,,,,홈페이지 마케팅 ,,,
502,502,,,,브리타  ,,,
503,503,,,,케틀 보틀 ,,,
504,504,,,,타임 타이머 ,,,
505,505,,,,셀레니움 유튜브 로그인 ,,,
506,506,,,,셀리니움 로그인 ,,,
507,507,,,,홈페이지 마케팅 ,,,
508,508,,,,블록체인 파이썬 ,,,
509,509,,,,클렌징 오일  ,,,
510,510,,,,남자 고데기 빗 ,,,
511,511,,,,희철리즘 ,,,
512,512,,,,빠니보틀 미국 ,,,
513,513,,,,스타트업 초기 ,,,
514,514,,,,장고 장점 ,,,
515,515,,,,그누보드 ,,,
516,516,,,,캔들워머 ,,,
517,517,,,,아프가니스탄 ,,,
518,518,,,,크온구 ,,,
519,519,,,,리솜 포레스트 ,,,
520,520,,,,호텔 오노마 ,,,
521,521,,,,치실 ,,,
522,522,,,,코로나 화이자 ,,,
523,523,,,,자연어처리 ,,,
524,524,,,,클리니컬스트렝스 ,,,
525,525,,,,디오비 스타일러 ,,,
526,526,,,,고양이 자동화장실 ,,,
527,527,,,,커뮤니티사이트 창업 ,,,
528,528,,,,빗소리 재즈 ,,,
529,529,,,,asmr ,,,
530,530,,,,정주영창업대회 ,,,
531,531,,,,어서와한국은처음이지 ,,,
